real_isolate_id,project,source,date_isolated,genome_sequence
A-G2-1,,"B.distachyon rhizosphere grown in UC Davis soil in EcoFAB, enriched in corresponding carbon source",2020-02-26,
A-G2-11,,"B.distachyon rhizosphere grown in UC Davis soil in EcoFAB, enriched in corresponding carbon source",2020-03-12,
A-G2-12,,"B.distachyon rhizosphere grown in UC Davis soil in EcoFAB, enriched in corresponding carbon source",2020-03-12,
A-G2-13,,"B.distachyon rhizosphere grown in UC Davis soil in EcoFAB, enriched in corresponding carbon source",2020-03-12,
A-G2-14,,"B.distachyon rhizosphere grown in UC Davis soil in EcoFAB, enriched in corresponding carbon source",2020-03-12,
A-G2-17,,"B.distachyon rhizosphere grown in UC Davis soil in EcoFAB, enriched in corresponding carbon source",2020-03-12,
A-G2-4,,"B.distachyon rhizosphere grown in UC Davis soil in EcoFAB, enriched in corresponding carbon source",2020-02-26,
A-G2-7,,"B.distachyon rhizosphere grown in UC Davis soil in EcoFAB, enriched in corresponding carbon source",2020-03-12,
A-G2-9,,"B.distachyon rhizosphere grown in UC Davis soil in EcoFAB, enriched in corresponding carbon source",2020-03-12,
ARR-50CM-CHI-1,MCAFEs,Angelo Soil ,2021-03-01,
ARR-50CM-CHI-2,MCAFEs,Angelo Soil ,2021-03-01,
ARR-50CM-CHI-3,MCAFEs,Angelo Soil ,2021-03-01,
ARR-50CM-CHI-5,MCAFEs,Angelo Soil ,2021-03-01,
ARR-50CM-CHI-6,MCAFEs,Angelo Soil ,2021-03-01,
ARR-50CM-CHI-7,MCAFEs,Angelo Soil ,2021-03-01,
ARR-50CM-CW-2,MCAFEs,Angelo Soil ,2021-03-01,
ARR-50CM-CW-3,MCAFEs,Angelo Soil ,2021-03-01,
ARR-50CM-CW-4,MCAFEs,Angelo Soil ,2021-03-01,
ARR-50CM-CW-5,MCAFEs,Angelo Soil ,2021-03-01,
ARR-50CM-CW-6,MCAFEs,Angelo Soil ,2021-03-01,
ARR-50CM-DNAS-11,MCAFEs,Angelo Soil ,2021-03-01,
ARR-50CM-DNAS-15,MCAFEs,Angelo Soil ,2021-03-01,
ARR-50CM-DNAS-16,MCAFEs,Angelo Soil ,2021-03-01,
ARR-50CM-DNAS-17,MCAFEs,Angelo Soil ,2021-03-01,
ARR-50CM-DNAS-2,MCAFEs,Angelo Soil ,2021-03-01,
ARR-50CM-DNAS-20,MCAFEs,Angelo Soil ,2021-03-01,
ARR-50CM-DNAS-21,MCAFEs,Angelo Soil ,2021-03-01,
ARR-50CM-DNAS-22,MCAFEs,Angelo Soil ,2021-03-01,
ARR-50CM-DNAS-7,MCAFEs,Angelo Soil ,2021-03-01,
ARR-50CM-DNAS24,MCAFEs,Angelo Soil ,2021-03-01,
ARR-50CM-DNAS25,MCAFEs,Angelo Soil ,2021-03-01,
ARR-50CM-DNAS26,MCAFEs,Angelo Soil ,2021-03-01,
ARR-50CM-DNAS27,MCAFEs,Angelo Soil ,2021-03-01,
ARR-50CM-DNAS28,MCAFEs,Angelo Soil ,2021-03-01,
ARR-50CM-MIX-1,MCAFEs,Angelo Soil ,2021-03-01,
ARR-50CM-MIX-2,MCAFEs,Angelo Soil ,2021-03-01,
ARR-50CM-MIX-3,MCAFEs,Angelo Soil ,2021-03-01,
ARR-50CM-MIX-4,MCAFEs,Angelo Soil ,2021-03-01,
ARR-50CM-MIX-5,MCAFEs,Angelo Soil ,2021-03-01,
ARR-50CM-MIX-6,MCAFEs,Angelo Soil ,2021-03-01,
ARR-50CM-MIX-7,MCAFEs,Angelo Soil ,2021-03-01,
ARR-50CM-MIX-8,MCAFEs,Angelo Soil ,2021-03-01,
ARR-50cm-NAG-1,MCAFEs,Angelo Soil ,,
ARR-50cm-NAG-10,MCAFEs,Angelo Soil ,2021-03-01,
ARR-50cm-NAG-6,MCAFEs,Angelo Soil ,2021-03-01,
ARR-50cm-NAG-7,MCAFEs,Angelo Soil ,2021-03-01,
ARR_50CM_CHI_3.1,MCAFEs,Angelo sediment,2021-04-22,
ARR_50CM_CHI_3.2,MCAFEs,Angelo sediment,2021-05-24,
ARR_50CM_CW_3.1,MCAFEs,Angelo sediment,2021-04-22,
ARR_50CM_CW_3.4,MCAFEs,Angelo sediment,2021-04-22,
ARR_50CM_CW_4.1R3,MCAFEs,Angelo sediment,2021-05-25,
ARR_50CM_CW_4.2R3,MCAFEs,Angelo sediment,2021-05-25,
ARR_50CM_CW_4.34,MCAFEs,Angelo sediment,2021-05-24,
ARR_50CM_MIX_4.1R3,MCAFEs,Angelo sediment,2021-05-25,
ARR_50CM_MIX_4.2R3,MCAFEs,Angelo sediment,2021-05-25,
ARR_50CM_MIX_4.38,MCAFEs,Angelo sediment,2021-05-25,
ARR_50CM_Mix_3.4,MCAFEs,Angelo sediment,2021-04-22,
ARR_50CM_NAG3.4,MCAFEs,Angelo sediment,2021-04-22,
ARR_50CM_NAG_3.1,MCAFEs,Angelo sediment,2021-04-22,
ARR_50CM_NAG_4.1R3,MCAFEs,Angelo sediment,2021-05-25,
ARR_50CM_NAG_4.2R3,MCAFEs,Angelo sediment,2021-05-25,
ASP-G2-11,,"B.distachyon rhizosphere grown in UC Davis soil in EcoFAB, enriched in corresponding carbon source",2020-03-12,
ASP-G2-12,,"B.distachyon rhizosphere grown in UC Davis soil in EcoFAB, enriched in corresponding carbon source",2020-03-12,
ASP-G2-6,,"B.distachyon rhizosphere grown in UC Davis soil in EcoFAB, enriched in corresponding carbon source",2020-03-12,
ASP-G3-1,,"B.distachyon rhizosphere grown in UC Davis soil in EcoFAB, enriched in corresponding carbon source",,
ASP-G3-1,,"B.distachyon rhizosphere grown in UC Davis soil in EcoFAB, enriched in corresponding carbon source",2021-12-10,
ASP-G3-1,,"B.distachyon rhizosphere grown in UC Davis soil in EcoFAB, enriched in corresponding carbon source",,
ASP-G3-2,,"B.distachyon rhizosphere grown in UC Davis soil in EcoFAB, enriched in corresponding carbon source",,
ASP-G3-2,,"B.distachyon rhizosphere grown in UC Davis soil in EcoFAB, enriched in corresponding carbon source",,
ASP-G3-2,,"B.distachyon rhizosphere grown in UC Davis soil in EcoFAB, enriched in corresponding carbon source",,
ASP-G3-3,,"B.distachyon rhizosphere grown in UC Davis soil in EcoFAB, enriched in corresponding carbon source",,
ASP-G3-3,,"B.distachyon rhizosphere grown in UC Davis soil in EcoFAB, enriched in corresponding carbon source",,
ASP-G3-3,,"B.distachyon rhizosphere grown in UC Davis soil in EcoFAB, enriched in corresponding carbon source",,
ASP-G3-4,,"B.distachyon rhizosphere grown in UC Davis soil in EcoFAB, enriched in corresponding carbon source",,
ASP-G3-4,,"B.distachyon rhizosphere grown in UC Davis soil in EcoFAB, enriched in corresponding carbon source",,
ASP-G3-4,,"B.distachyon rhizosphere grown in UC Davis soil in EcoFAB, enriched in corresponding carbon source",,
ASP-G3-5,,"B.distachyon rhizosphere grown in UC Davis soil in EcoFAB, enriched in corresponding carbon source",,
ASP-G3-5,,"B.distachyon rhizosphere grown in UC Davis soil in EcoFAB, enriched in corresponding carbon source",,
ASP-G3-5,,"B.distachyon rhizosphere grown in UC Davis soil in EcoFAB, enriched in corresponding carbon source",,
ASP-G3-6,,"B.distachyon rhizosphere grown in UC Davis soil in EcoFAB, enriched in corresponding carbon source",,
ASP-G3-6,,"B.distachyon rhizosphere grown in UC Davis soil in EcoFAB, enriched in corresponding carbon source",,
ASP-G3-6,,"B.distachyon rhizosphere grown in UC Davis soil in EcoFAB, enriched in corresponding carbon source",,
Angelo Soil ,,"Paenarthrobacter nitroguajacolicus strain G2-1 16S ribosomal RNA, partial sequence",,
Angelo Soil ,,"Pseudomonas kilonensis strain 520-20 16S ribosomal RNA, partial sequence",,
Angelo Soil ,,"Pseudomonas rhodesiae strain CIP 104664 16S ribosomal RNA, partial sequence",,
Angelo Soil ,,"Paenarthrobacter nitroguajacolicus strain G2-1 16S ribosomal RNA, partial sequence",,
Angelo Soil ,,"Pseudomonas rhodesiae strain CIP 104664 16S ribosomal RNA, partial sequence",,
Angelo Soil ,,"Paenarthrobacter nitroguajacolicus strain G2-1 16S ribosomal RNA, partial sequence",,
Angelo Soil ,,"Paenarthrobacter nitroguajacolicus strain G2-1 16S ribosomal RNA, partial sequence",,
Angelo Soil ,,"Pseudomonas frederiksbergensis strain DSM 13022 16S ribosomal RNA, partial sequence",,
Angelo Soil ,,"Pseudomonas sp. strain BNS5 16S ribosomal RNA gene, partial sequence",,
Angelo Soil ,,"Pseudomonas rhodesiae strain CIP 104664 16S ribosomal RNA, partial sequence",,
Angelo Soil ,,"Pseudomonas frederiksbergensis strain DSM 13022 16S ribosomal RNA, partial sequence",,
Angelo Soil ,,"Pseudomonas sp. strain GGS10 16S ribosomal RNA gene, partial sequence",,
Angelo Soil ,,"Pseudomonas rhodesiae strain CIP 104664 16S ribosomal RNA, partial sequence",,
Angelo Soil ,,"Pseudomonas sp. strain GGS10 16S ribosomal RNA gene, partial sequence",,
Angelo Soil ,,"Pseudomonas sp. strain WPS1 16S ribosomal RNA gene, partial sequence",,
Angelo Soil ,,"Arthrobacter sp. strain H406 16S ribosomal RNA gene, partial sequence",,
Angelo Soil ,,"Pseudomonas sp. strain GGS10 16S ribosomal RNA gene, partial sequence",,
Angelo Soil ,,"Pseudomonas sp. strain WPS1 16S ribosomal RNA gene, partial sequence",,
Angelo Soil ,,"Pseudomonas sp. strain WPS1 16S ribosomal RNA gene, partial sequence",,
Angelo Soil ,,Pseudomonas brassicacearum subsp. neoaurantiaca strain CIP 109457 1,,
Angelo Soil ,,"Herminiimonas contaminans strain CCUG 53591 16S ribosomal RNA, partia",,
Angelo Soil ,,"Pseudomonas frederiksbergensis strain DSM 13022 16S ribosomal RNA, partial sequence",,
Angelo Soil ,,"Pseudomonas frederiksbergensis strain DSM 13022 16S ribosomal RNA, partial sequence",,
Angelo Soil ,,"Pseudomonas frederiksbergensis strain DSM 13022 16S ribosomal RNA, partial sequence",,
Angelo Soil ,,"Pseudomonas frederiksbergensis strain DSM 13022 16S ribosomal RNA, partial sequence",,
Angelo Soil ,,"Herminiimonas contaminans strain CCUG 53591 16S ribosomal RNA, partial sequence",,
Angelo Soil ,,"Pseudomonas umsongensis strain Ps 3-10 16S ribosomal RNA, partial se",,
Angelo Soil ,,"Herminiimonas contaminans strain CCUG 53591 16S ribosomal RNA, partia",,
Angelo Soil ,,"Bacillus simplex strain LMG 11160 16S ribosomal RNA, partial sequence",,
Angelo Soil ,,"Herminiimonas contaminans strain CCUG 53591 16S ribosomal RNA, partia",,
Angelo Soil ,,"Pseudomonas sp. strain GGS10 16S ribosomal RNA gene, partial sequence",,
Angelo Soil ,,"Pseudomonas sp. strain WPS1 16S ribosomal RNA gene, partial sequence",,
Angelo Soil ,,"Arthrobacter sp. strain H406 16S ribosomal RNA gene, partial sequence",,
Angelo Soil ,,"Pseudomonas sp. strain WPS1 16S ribosomal RNA gene, partial sequence",,
Angelo Soil ,,"Nocardia coeliaca strain DSM 44595 16S ribosomal RNA, partial sequence",,
Angelo Soil ,,"Nocardia coeliaca strain DSM 44595 16S ribosomal RNA, partial sequence",,
Angelo Soil ,,"Pseudomonas sp. strain WPS1 16S ribosomal RNA gene, partial sequence",,
Asp-G2-1,,"B.distachyon rhizosphere grown in UC Davis soil in EcoFAB, enriched in corresponding carbon source",2020-02-07,
Asp-G2-1,,"B.distachyon rhizosphere grown in UC Davis soil in EcoFAB, enriched in corresponding carbon source",2020-02-07,
Asp-G2-1,,Nameera enrichments with B. distachyon in Davis soil,2020-02-07,
Asp-G2-10,,"B.distachyon rhizosphere grown in UC Davis soil in EcoFAB, enriched in corresponding carbon source",2020-02-07,
Asp-G2-10,,Nameera enrichments with B. distachyon in Davis soil,2020-02-07,
Asp-G2-10,,Nameera enrichments with B. distachyon in Davis soil,2020-02-07,
Asp-G2-10,,"B.distachyon rhizosphere grown in UC Davis soil in EcoFAB, enriched in corresponding carbon source",2020-02-07,
Asp-G2-13,,"B.distachyon rhizosphere grown in UC Davis soil in EcoFAB, enriched in corresponding carbon source",2020-02-07,
Asp-G2-13,,"B.distachyon rhizosphere grown in UC Davis soil in EcoFAB, enriched in corresponding carbon source",2020-02-07,
Asp-G2-2,,Nameera enrichments with B. distachyon in Davis soil,2020-02-07,
Asp-G2-2,,"B.distachyon rhizosphere grown in UC Davis soil in EcoFAB, enriched in corresponding carbon source",2020-02-07,
Asp-G2-2,,"B.distachyon rhizosphere grown in UC Davis soil in EcoFAB, enriched in corresponding carbon source",2020-02-07,
Asp-G2-2,,Nameera enrichments with B. distachyon in Davis soil,2020-02-07,
Asp-G2-3,,Nameera enrichments with B. distachyon in Davis soil,2020-02-07,
Asp-G2-3,,"B.distachyon rhizosphere grown in UC Davis soil in EcoFAB, enriched in corresponding carbon source",2020-02-07,
Asp-G2-3,,"B.distachyon rhizosphere grown in UC Davis soil in EcoFAB, enriched in corresponding carbon source",2020-02-07,
Asp-G2-3,,Nameera enrichments with B. distachyon in Davis soil,2020-02-07,
Asp-G2-5,,"B.distachyon rhizosphere grown in UC Davis soil in EcoFAB, enriched in corresponding carbon source",2020-02-07,
Asp-G2-5,,Nameera enrichments with B. distachyon in Davis soil,2020-02-07,
Asp-G2-5,,"B.distachyon rhizosphere grown in UC Davis soil in EcoFAB, enriched in corresponding carbon source",2020-02-07,
Asp-G2-7,,"B.distachyon rhizosphere grown in UC Davis soil in EcoFAB, enriched in corresponding carbon source",2020-03-12,
Asp-G2-9,,Nameera enrichments with B. distachyon in Davis soil,2020-02-07,
Asp-G2-9,,"B.distachyon rhizosphere grown in UC Davis soil in EcoFAB, enriched in corresponding carbon source",2020-02-07,
Asp-G2-9,,"B.distachyon rhizosphere grown in UC Davis soil in EcoFAB, enriched in corresponding carbon source",2020-02-07,
Asp-G2-9,,Nameera enrichments with B. distachyon in Davis soil,2020-02-07,
C-G2-1,,"B.distachyon rhizosphere grown in UC Davis soil in EcoFAB, enriched in corresponding carbon source",2020-02-26,
D,SRB isolates,,,
E,SRB isolates,,,
G,SRB isolates,,,
G-G2-1,,Nameera enrichments with B. distachyon in Davis soil,2020-02-07,
G-G2-1,,"B.distachyon rhizosphere grown in UC Davis soil in EcoFAB, enriched in corresponding carbon source",2020-02-07,
G-G2-1,,"B.distachyon rhizosphere grown in UC Davis soil in EcoFAB, enriched in corresponding carbon source",2020-02-07,
G-G2-11,,"B.distachyon rhizosphere grown in UC Davis soil in EcoFAB, enriched in corresponding carbon source",2020-03-12,
G-G2-12,,"B.distachyon rhizosphere grown in UC Davis soil in EcoFAB, enriched in corresponding carbon source",2020-03-12,
G-G2-13,,"B.distachyon rhizosphere grown in UC Davis soil in EcoFAB, enriched in corresponding carbon source",2020-03-12,
G-G2-14,,"B.distachyon rhizosphere grown in UC Davis soil in EcoFAB, enriched in corresponding carbon source",2020-03-12,
G-G2-15,,"B.distachyon rhizosphere grown in UC Davis soil in EcoFAB, enriched in corresponding carbon source",2020-03-12,
G-G2-16,,"B.distachyon rhizosphere grown in UC Davis soil in EcoFAB, enriched in corresponding carbon source",2020-03-12,
G-G2-18,,"B.distachyon rhizosphere grown in UC Davis soil in EcoFAB, enriched in corresponding carbon source",2020-03-12,
G-G2-19,,"B.distachyon rhizosphere grown in UC Davis soil in EcoFAB, enriched in corresponding carbon source",2020-03-12,
G-G2-2,,Nameera enrichments with B. distachyon in Davis soil,2020-02-07,
G-G2-2,,"B.distachyon rhizosphere grown in UC Davis soil in EcoFAB, enriched in corresponding carbon source",2020-02-07,
G-G2-2,,"B.distachyon rhizosphere grown in UC Davis soil in EcoFAB, enriched in corresponding carbon source",2020-02-07,
G-G2-3,,Nameera enrichments with B. distachyon in Davis soil,2020-03-12,
G-G2-3,,"B.distachyon rhizosphere grown in UC Davis soil in EcoFAB, enriched in corresponding carbon source",2020-03-12,
G-G2-3,,"B.distachyon rhizosphere grown in UC Davis soil in EcoFAB, enriched in corresponding carbon source",2020-03-12,
G-G2-4,,"B.distachyon rhizosphere grown in UC Davis soil in EcoFAB, enriched in corresponding carbon source",2020-02-07,
G-G2-4,,"B.distachyon rhizosphere grown in UC Davis soil in EcoFAB, enriched in corresponding carbon source",2020-02-07,
G-G2-4,,Nameera enrichments with B. distachyon in Davis soil,2020-02-07,
G-G2-5,,"B.distachyon rhizosphere grown in UC Davis soil in EcoFAB, enriched in corresponding carbon source",2020-02-07,
G-G2-5,,"B.distachyon rhizosphere grown in UC Davis soil in EcoFAB, enriched in corresponding carbon source",2020-02-07,
G-G2-5,,Nameera enrichments with B. distachyon in Davis soil,2020-02-07,
G-G2-6,,"B.distachyon rhizosphere grown in UC Davis soil in EcoFAB, enriched in corresponding carbon source",2020-02-07,
G-G2-6,,Nameera enrichments with B. distachyon in Davis soil,2020-02-07,
G-G2-6,,"B.distachyon rhizosphere grown in UC Davis soil in EcoFAB, enriched in corresponding carbon source",2020-02-07,
G-G2-8,,"B.distachyon rhizosphere grown in UC Davis soil in EcoFAB, enriched in corresponding carbon source",2020-02-07,
G-G2-8,,"B.distachyon rhizosphere grown in UC Davis soil in EcoFAB, enriched in corresponding carbon source",2020-02-07,
G-G2-9,,"B.distachyon rhizosphere grown in UC Davis soil in EcoFAB, enriched in corresponding carbon source",2020-03-12,
GW822-FHT02A03,Select seq NR_027188.1,,,
GW822-FHT03D02,Select seq NR_027188.1,,,
GW822-FHT05C06,Select seq NR_027188.1,,,
Glu-G2-1,,"B.distachyon rhizosphere grown in UC Davis soil in EcoFAB, enriched in corresponding carbon source",2020-02-26,
Glu-G2-10,,Nameera enrichments with B. distachyon in Davis soil,2020-02-07,
Glu-G2-10,,"B.distachyon rhizosphere grown in UC Davis soil in EcoFAB, enriched in corresponding carbon source",2020-02-07,
Glu-G2-11,,"B.distachyon rhizosphere grown in UC Davis soil in EcoFAB, enriched in corresponding carbon source",2020-02-07,
Glu-G2-11,,"B.distachyon rhizosphere grown in UC Davis soil in EcoFAB, enriched in corresponding carbon source",2020-02-07,
Glu-G2-12,,"B.distachyon rhizosphere grown in UC Davis soil in EcoFAB, enriched in corresponding carbon source",2020-02-07,
Glu-G2-12,,"B.distachyon rhizosphere grown in UC Davis soil in EcoFAB, enriched in corresponding carbon source",2020-02-07,
Glu-G2-12,,Nameera enrichments with B. distachyon in Davis soil,2020-02-07,
Glu-G2-14,,Nameera enrichments with B. distachyon in Davis soil,2020-03-12,
Glu-G2-16,,"B.distachyon rhizosphere grown in UC Davis soil in EcoFAB, enriched in corresponding carbon source",2020-03-12,
Glu-G2-17,,"B.distachyon rhizosphere grown in UC Davis soil in EcoFAB, enriched in corresponding carbon source",2020-03-12,
Glu-G2-2,,Nameera enrichments with B. distachyon in Davis soil,2020-02-07,
Glu-G2-3,,Nameera enrichments with B. distachyon in Davis soil,2020-02-07,
Glu-G2-3,,"B.distachyon rhizosphere grown in UC Davis soil in EcoFAB, enriched in corresponding carbon source",2020-02-07,
Glu-G2-3,,"B.distachyon rhizosphere grown in UC Davis soil in EcoFAB, enriched in corresponding carbon source",2020-02-07,
Glu-G2-4,,Nameera enrichments with B. distachyon in Davis soil,2020-02-07,
Glu-G2-4,,"B.distachyon rhizosphere grown in UC Davis soil in EcoFAB, enriched in corresponding carbon source",2020-02-07,
Glu-G2-4,,"B.distachyon rhizosphere grown in UC Davis soil in EcoFAB, enriched in corresponding carbon source",2020-02-07,
Glu-G2-5,,"B.distachyon rhizosphere grown in UC Davis soil in EcoFAB, enriched in corresponding carbon source",2020-02-07,
Glu-G2-5,,"B.distachyon rhizosphere grown in UC Davis soil in EcoFAB, enriched in corresponding carbon source",2020-02-07,
Glu-G2-5,,Nameera enrichments with B. distachyon in Davis soil,2020-02-07,
Glu-G2-6,,"B.distachyon rhizosphere grown in UC Davis soil in EcoFAB, enriched in corresponding carbon source",2020-02-26,
Gly-G2-10,,"B.distachyon rhizosphere grown in UC Davis soil in EcoFAB, enriched in corresponding carbon source",2020-03-12,
Gly-G2-6,,"B.distachyon rhizosphere grown in UC Davis soil in EcoFAB, enriched in corresponding carbon source",2020-03-12,
Gly-G2-7,,"B.distachyon rhizosphere grown in UC Davis soil in EcoFAB, enriched in corresponding carbon source",2020-03-12,
I,SRB isolates,,,
M-G2-1,,"B.distachyon rhizosphere grown in UC Davis soil in EcoFAB, enriched in corresponding carbon source",2020-02-26,
M-G2-12,,"B.distachyon rhizosphere grown in UC Davis soil in EcoFAB, enriched in corresponding carbon source",2020-03-12,
M-G2-14,,"B.distachyon rhizosphere grown in UC Davis soil in EcoFAB, enriched in corresponding carbon source",2020-03-12,
M-G2-16,,"B.distachyon rhizosphere grown in UC Davis soil in EcoFAB, enriched in corresponding carbon source",2020-03-12,
M-G2-17,,"B.distachyon rhizosphere grown in UC Davis soil in EcoFAB, enriched in corresponding carbon source",2020-03-12,
M-G2-17,,"B.distachyon rhizosphere grown in UC Davis soil in EcoFAB, enriched in corresponding carbon source",2020-03-12,
M-G2-18,,"B.distachyon rhizosphere grown in UC Davis soil in EcoFAB, enriched in corresponding carbon source",2020-03-12,
M-G2-3,,"B.distachyon rhizosphere grown in UC Davis soil in EcoFAB, enriched in corresponding carbon source",2020-02-26,
M-G2-4,,"B.distachyon rhizosphere grown in UC Davis soil in EcoFAB, enriched in corresponding carbon source",2020-03-12,
M-G2-5,,"B.distachyon rhizosphere grown in UC Davis soil in EcoFAB, enriched in corresponding carbon source",2020-02-26,
M-G2-6,,"B.distachyon rhizosphere grown in UC Davis soil in EcoFAB, enriched in corresponding carbon source",2020-03-12,
M-G2-8,,"B.distachyon rhizosphere grown in UC Davis soil in EcoFAB, enriched in corresponding carbon source",2020-03-12,
MBR 108,LDRD- Produced Water Reuse,"MBR sludge -Day 291, TDS 90g/L",2020-03-16,
MBR 109,LDRD- Produced Water Reuse,"MBR sludge -Day 291, TDS 90g/L",2020-03-16,
MBR 110,LDRD- Produced Water Reuse,"MBR sludge -Day 291, TDS 90g/L",2020-03-16,
MBR 111,LDRD- Produced Water Reuse,"MBR sludge -Day 291, TDS 90g/L",2020-03-16,
MBR 113,LDRD- Produced Water Reuse,"MBR sludge -Day 206, TDS 60g/L",2020-03-16,
MBR 114,LDRD- Produced Water Reuse,"MBR sludge -Day 206, TDS 60g/L",2020-03-16,
MBR 115,LDRD- Produced Water Reuse,"MBR sludge -Day 206, TDS 60g/L",2020-03-16,
MBR 116,LDRD- Produced Water Reuse,"MBR sludge -Day 206, TDS 60g/L",2020-03-16,
MBR 117,LDRD- Produced Water Reuse,"MBR sludge -Day 326, TDS 100g/L",2020-06-14,
MBR 118,LDRD- Produced Water Reuse,"MBR sludge -Day 326, TDS 100g/L",2020-06-14,
MBR 119,LDRD- Produced Water Reuse,"MBR sludge -Day 326, TDS 100g/L",2020-06-14,
MBR 120,LDRD- Produced Water Reuse,"MBR sludge -Day 326, TDS 100g/L",2020-06-14,
MBR 121,LDRD- Produced Water Reuse,"MBR sludge -Day 326, TDS 100g/L",2020-06-14,
MBR 122,LDRD- Produced Water Reuse,"MBR sludge -Day 326, TDS 100g/L",2020-06-14,
MBR 123,LDRD- Produced Water Reuse,"MBR sludge -Day 326, TDS 100g/L",2020-06-14,
MBR 125,LDRD- Produced Water Reuse,"MBR sludge -Day 326, TDS 100g/L",2020-06-14,
MBR 126,LDRD- Produced Water Reuse,"MBR sludge -Day 326, TDS 100g/L",2020-06-14,
MBR 127,LDRD- Produced Water Reuse,"MBR sludge -Day 326, TDS 100g/L",2020-06-14,
MBR 128,LDRD- Produced Water Reuse,"MBR sludge -Day 326, TDS 100g/L",2020-06-14,
MBR 130,LDRD- Produced Water Reuse,"MBR sludge -Day 326, TDS 100g/L",2020-06-14,
MBR 131,LDRD- Produced Water Reuse,"MBR sludge -Day 326, TDS 100g/L",2020-06-14,
MBR 132,LDRD- Produced Water Reuse,"MBR sludge -Day 326, TDS 100g/L",2020-06-14,
MBR 133,LDRD- Produced Water Reuse,"MBR sludge -Day 326, TDS 100g/L",2020-06-14,
MBR 135,LDRD- Produced Water Reuse,"MBR sludge -Day 326, TDS 100g/L",2020-06-14,
MBR 136,LDRD- Produced Water Reuse,"MBR sludge -Day 326, TDS 100g/L",2020-06-14,
MBR 137,LDRD- Produced Water Reuse,"MBR sludge -Day 326, TDS 100g/L",2020-06-14,
MBR 138,LDRD- Produced Water Reuse,"MBR sludge -Day 326, TDS 100g/L",2020-06-14,
MBR 139,LDRD- Produced Water Reuse,"MBR sludge -Day 326, TDS 100g/L",2020-06-14,
MBR 142,LDRD- Produced Water Reuse,"MBR sludge -Day 326, TDS 100g/L",2020-06-14,
MBR 144,LDRD- Produced Water Reuse,"MBR sludge -Day 326, TDS 100g/L",2020-06-14,
MBR 145,LDRD- Produced Water Reuse,"MBR sludge -Day 326, TDS 100g/L",2020-06-14,
MBR 146,LDRD- Produced Water Reuse,"MBR sludge -Day 326, TDS 100g/L",2020-06-14,
MBR 147,LDRD- Produced Water Reuse,"MBR sludge -Day 326, TDS 100g/L",2020-06-14,
MBR 148,LDRD- Produced Water Reuse,"MBR sludge -Day 326, TDS 100g/L",2020-06-14,
MBR 150,LDRD- Produced Water Reuse,"MBR sludge -Day 326, TDS 100g/L",2020-06-14,
MBR 151,LDRD- Produced Water Reuse,"MBR sludge -Day 326, TDS 100g/L",2020-06-14,
MBR 152,LDRD- Produced Water Reuse,"MBR sludge -Day 326, TDS 100g/L",2020-06-14,
MBR 154,LDRD- Produced Water Reuse,"MBR sludge -Day 326, TDS 100g/L",2020-06-14,
MBR-10,LDRD- Produced Water Reuse,"MBR sludge -Day 118, TDS 29g/L",2019-09-20,
MBR-100,LDRD- Produced Water Reuse,"MBR sludge -Day 291, TDS 90g/L",2020-03-16,
MBR-102,LDRD- Produced Water Reuse,"MBR sludge -Day 291, TDS 90g/L",2020-03-16,
MBR-103,LDRD- Produced Water Reuse,"MBR sludge -Day 291, TDS 90g/L",2020-03-16,
MBR-104,LDRD- Produced Water Reuse,"MBR sludge -Day 291, TDS 90g/L",2020-03-16,
MBR-105,LDRD- Produced Water Reuse,"MBR sludge -Day 291, TDS 90g/L",2020-03-16,
MBR-106,LDRD- Produced Water Reuse,"MBR sludge -Day 291, TDS 90g/L",2020-03-16,
MBR-107,LDRD- Produced Water Reuse,"MBR sludge -Day 291, TDS 90g/L",2020-03-16,
MBR-11,LDRD- Produced Water Reuse,"MBR sludge -Day 118, TDS 29g/L",2019-09-20,
MBR-12,LDRD- Produced Water Reuse,"MBR sludge -Day 118, TDS 29g/L",2019-09-20,
MBR-13,LDRD- Produced Water Reuse,"MBR sludge -Day 118, TDS 29g/L",2019-09-20,
MBR-14,LDRD- Produced Water Reuse,"MBR sludge -Day 118, TDS 29g/L",2019-09-20,
MBR-15,LDRD- Produced Water Reuse,"MBR sludge -Day 118, TDS 29g/L",2019-09-20,
MBR-155,LDRD- Produced Water Reuse,"MBR sludge -Day 291, TDS 90g/L",2020-07-01,
MBR-156,LDRD- Produced Water Reuse,"MBR sludge -Day 291, TDS 90g/L",2020-07-01,
MBR-157,LDRD- Produced Water Reuse,"MBR sludge -Day 291, TDS 90g/L",2020-07-01,
MBR-159,LDRD- Produced Water Reuse,MBR sludge (6/30/2020),2020-08-05,
MBR-16,LDRD- Produced Water Reuse,"MBR sludge -Day 118, TDS 29g/L",2019-09-20,
MBR-160,LDRD- Produced Water Reuse,MBR sludge (6/30/2020),2020-08-07,
MBR-161,LDRD- Produced Water Reuse,MBR sludge (6/30/2020),2020-08-07,
MBR-162,LDRD- Produced Water Reuse,MBR sludge (6/30/2020),2020-08-07,
MBR-163,LDRD- Produced Water Reuse,MBR sludge (6/30/2020),2020-08-07,
MBR-164,LDRD- Produced Water Reuse,MBR sludge (6/30/2020),2020-08-05,
MBR-165,LDRD- Produced Water Reuse,MBR sludge (6/30/2020),2020-08-05,
MBR-166,LDRD- Produced Water Reuse,MBR sludge (7/7/2020),2020-08-05,
MBR-167,LDRD- Produced Water Reuse,MBR sludge (7/7/2020),2020-08-05,
MBR-169,LDRD- Produced Water Reuse,MBR sludge (7/7/2020),2020-08-05,
MBR-17,LDRD- Produced Water Reuse,"MBR sludge -Day 118, TDS 29g/L",2019-09-20,
MBR-170,LDRD- Produced Water Reuse,MBR sludge (7/7/2020),2020-08-07,
MBR-171,LDRD- Produced Water Reuse,MBR sludge (7/7/2020),2020-08-07,
MBR-172,LDRD- Produced Water Reuse,MBR sludge (7/7/2020),2020-08-07,
MBR-173,LDRD- Produced Water Reuse,MBR sludge (7/7/2020),2020-08-07,
MBR-174,LDRD- Produced Water Reuse,MBR sludge (7/7/2020),2020-08-07,
MBR-175,LDRD- Produced Water Reuse,MBR sludge (7/7/2020),2020-08-05,
MBR-176,LDRD- Produced Water Reuse,MBR sludge (7/7/2020),2020-08-05,
MBR-177,LDRD- Produced Water Reuse,MBR sludge (7/7/2020),2020-09-02,
MBR-178,LDRD- Produced Water Reuse,MBR sludge (7/7/2020),2020-09-02,
MBR-179,LDRD- Produced Water Reuse,MBR sludge (7/7/2020),2020-09-02,
MBR-18,LDRD- Produced Water Reuse,"MBR sludge -Day 184, TDS 50g/L",2019-11-06,
MBR-180,LDRD- Produced Water Reuse,MBR sludge (7/7/2020),2020-09-02,
MBR-181,LDRD- Produced Water Reuse,MBR sludge (7/7/2020),2020-09-02,
MBR-182,LDRD- Produced Water Reuse,MBR sludge (7/7/2020),2020-09-02,
MBR-183,LDRD- Produced Water Reuse,MBR sludge (7/28/2020),2020-09-02,
MBR-184,LDRD- Produced Water Reuse,MBR sludge (7/28/2020),2020-09-02,
MBR-185,LDRD- Produced Water Reuse,MBR sludge (7/28/2020),2020-09-02,
MBR-186,LDRD- Produced Water Reuse,MBR sludge (7/28/2020),2020-09-02,
MBR-187,LDRD- Produced Water Reuse,MBR sludge (7/28/2020),2020-09-02,
MBR-188,LDRD- Produced Water Reuse,MBR sludge (7/28/2020),2020-09-02,
MBR-189,LDRD- Produced Water Reuse,MBR sludge (7/28/2020),2020-09-02,
MBR-190,LDRD- Produced Water Reuse,MBR sludge (7/28/2020),2020-09-02,
MBR-191,LDRD- Produced Water Reuse,MBR sludge (7/28/2020),2020-09-02,
MBR-192,LDRD- Produced Water Reuse,MBR sludge (7/28/2020),2020-09-02,
MBR-193,LDRD- Produced Water Reuse,MBR sludge (7/28/2020),2020-09-02,
MBR-194,LDRD- Produced Water Reuse,MBR sludge (7/28/2020),2020-09-02,
MBR-195,LDRD- Produced Water Reuse,MBR sludge (7/28/2020),2020-09-02,
MBR-196,LDRD- Produced Water Reuse,MBR sludge (7/28/2020),2020-09-02,
MBR-197,LDRD- Produced Water Reuse,MBR sludge (7/28/2020),2020-09-02,
MBR-198,LDRD- Produced Water Reuse,MBR sludge (7/28/2020),2020-09-02,
MBR-199,LDRD- Produced Water Reuse,MBR sludge (7/28/2020),2020-09-02,
MBR-20,LDRD- Produced Water Reuse,"MBR sludge -Day 184, TDS 50g/L",2019-11-06,
MBR-200,LDRD- Produced Water Reuse,MBR sludge (7/28/2020),2020-09-02,
MBR-201,LDRD- Produced Water Reuse,MBR sludge (7/28/2020),2020-09-02,
MBR-21,LDRD- Produced Water Reuse,"MBR sludge -Day 184, TDS 50g/L",2019-11-06,
MBR-22,LDRD- Produced Water Reuse,"MBR sludge -Day 184, TDS 50g/L",2019-11-06,
MBR-24,LDRD- Produced Water Reuse,"MBR sludge -Day 184, TDS 50g/L",2019-11-06,
MBR-25,LDRD- Produced Water Reuse,"MBR sludge -Day 184, TDS 50g/L",2019-11-06,
MBR-27,LDRD- Produced Water Reuse,"MBR sludge -Day 184, TDS 50g/L",2019-11-06,
MBR-33,LDRD- Produced Water Reuse,"MBR sludge -Day 206, TDS 60g/L",2019-12-09,
MBR-34,LDRD- Produced Water Reuse,"MBR sludge -Day 206, TDS 60g/L",2019-12-09,
MBR-35,LDRD- Produced Water Reuse,"MBR sludge -Day 206, TDS 60g/L",2019-12-09,
MBR-36,LDRD- Produced Water Reuse,"MBR sludge -Day 206, TDS 60g/L",2019-12-09,
MBR-38,LDRD- Produced Water Reuse,"MBR sludge -Day 206, TDS 60g/L",2019-12-09,
MBR-41,LDRD- Produced Water Reuse,"MBR sludge -Day 206, TDS 60g/L",2019-12-09,
MBR-43,LDRD- Produced Water Reuse,"MBR sludge -Day 206, TDS 60g/L",2019-12-09,
MBR-45,LDRD- Produced Water Reuse,"MBR sludge -Day 206, TDS 60g/L",2019-12-09,
MBR-46,LDRD- Produced Water Reuse,"MBR sludge -Day 206, TDS 60g/L",2019-12-09,
MBR-47,LDRD- Produced Water Reuse,"MBR sludge -Day 206, TDS 60g/L",2019-12-09,
MBR-48,LDRD- Produced Water Reuse,"MBR sludge -Day 206, TDS 60g/L",2019-12-09,
MBR-49,LDRD- Produced Water Reuse,"MBR sludge -Day 250, TDS 80g/L",2020-01-26,
MBR-5,LDRD- Produced Water Reuse,"MBR sludge -Day 118, TDS 29g/L",2019-09-20,
MBR-50,LDRD- Produced Water Reuse,"MBR sludge -Day 250, TDS 80g/L",2020-01-26,
MBR-51,LDRD- Produced Water Reuse,"MBR sludge -Day 250, TDS 80g/L",2020-01-26,
MBR-53,LDRD- Produced Water Reuse,"MBR sludge -Day 250, TDS 80g/L",2020-01-26,
MBR-54,LDRD- Produced Water Reuse,"MBR sludge -Day 250, TDS 80g/L",2020-01-26,
MBR-55,LDRD- Produced Water Reuse,"MBR sludge -Day 250, TDS 80g/L",2020-01-26,
MBR-56,LDRD- Produced Water Reuse,"MBR sludge -Day 250, TDS 80g/L",2020-01-26,
MBR-58,LDRD- Produced Water Reuse,"MBR sludge -Day 250, TDS 80g/L",2020-01-26,
MBR-59,LDRD- Produced Water Reuse,"MBR sludge -Day 250, TDS 80g/L",2020-01-26,
MBR-6,,"MBR sludge -Day 118, TDS 29g/L",2019-09-20,
MBR-61,LDRD- Produced Water Reuse,"MBR sludge -Day 250, TDS 80g/L",2020-01-26,
MBR-62,LDRD- Produced Water Reuse,"MBR sludge -Day 250, TDS 80g/L",2020-01-26,
MBR-63,LDRD- Produced Water Reuse,"MBR sludge -Day 250, TDS 80g/L",2020-01-26,
MBR-64,LDRD- Produced Water Reuse,"MBR sludge -Day 250, TDS 80g/L",2020-01-26,
MBR-65,LDRD- Produced Water Reuse,"MBR sludge -Day 250, TDS 80g/L",2020-01-26,
MBR-66,LDRD- Produced Water Reuse,"MBR sludge -Day 250, TDS 80g/L",2020-01-26,
MBR-68,LDRD- Produced Water Reuse,"MBR sludge -Day 250, TDS 80g/L",2020-01-26,
MBR-69,LDRD- Produced Water Reuse,"MBR sludge -Day 250, TDS 80g/L",2020-01-26,
MBR-70,LDRD- Produced Water Reuse,"MBR sludge -Day 250, TDS 80g/L",2020-01-26,
MBR-71,LDRD- Produced Water Reuse,"MBR sludge -Day 250, TDS 80g/L",2020-01-26,
MBR-73,LDRD- Produced Water Reuse,"MBR sludge -Day 250, TDS 80g/L",2020-01-26,
MBR-74,LDRD- Produced Water Reuse,"MBR sludge -Day 250, TDS 80g/L",2020-01-26,
MBR-78,LDRD- Produced Water Reuse,"MBR sludge -Day 291, TDS 90g/L",2020-03-16,
MBR-79,LDRD- Produced Water Reuse,"MBR sludge -Day 291, TDS 90g/L",2020-03-16,
MBR-8,LDRD- Produced Water Reuse,"MBR sludge -Day 118, TDS 29g/L",2019-09-20,
MBR-81,LDRD- Produced Water Reuse,"MBR sludge -Day 291, TDS 90g/L",2020-03-16,
MBR-82,LDRD- Produced Water Reuse,"MBR sludge -Day 291, TDS 90g/L",2020-03-16,
MBR-84,LDRD- Produced Water Reuse,"MBR sludge -Day 291, TDS 90g/L",2020-03-16,
MBR-89,LDRD- Produced Water Reuse,"MBR sludge -Day 291, TDS 90g/L",2020-03-16,
MBR-9,LDRD- Produced Water Reuse,"MBR sludge -Day 118, TDS 29g/L",2019-09-20,
MBR-90,LDRD- Produced Water Reuse,"MBR sludge -Day 291, TDS 90g/L",2020-03-16,
MBR-91,LDRD- Produced Water Reuse,"MBR sludge -Day 291, TDS 90g/L",2020-03-16,
MBR-92,LDRD- Produced Water Reuse,"MBR sludge -Day 291, TDS 90g/L",2020-03-16,
MBR-93,LDRD- Produced Water Reuse,"MBR sludge -Day 291, TDS 90g/L",2020-03-16,
MBR-94,LDRD- Produced Water Reuse,"MBR sludge -Day 291, TDS 90g/L",2020-03-16,
MBR-95,LDRD- Produced Water Reuse,"MBR sludge -Day 291, TDS 90g/L",2020-03-16,
MBR-99,LDRD- Produced Water Reuse,"MBR sludge -Day 291, TDS 90g/L",2020-03-16,
MBR-R2A-1,LDRD- Produced Water Reuse,Rehaibacterium enrichment from MBR sludge (12/3/2019),2020-10-12,
MBR-R2A-2,LDRD- Produced Water Reuse,Rehaibacterium enrichment from MBR sludge (12/3/2019),2020-10-08,
MBR-R2A-3,LDRD- Produced Water Reuse,Rehaibacterium enrichment from MBR sludge (12/3/2019),2020-10-12,
MBR-R2A-6,LDRD- Produced Water Reuse,Rehaibacterium enrichment from MBR sludge (12/3/2019),2020-10-12,
MBR-R2A-7,LDRD- Produced Water Reuse,Rehaibacterium enrichment from MBR sludge (12/3/2019),2020-10-12,
MBR-TSA-1,LDRD- Produced Water Reuse,Rehaibacterium enrichment from MBR sludge (12/3/2019),2020-10-08,
MBR-TSA-2,LDRD- Produced Water Reuse,Rehaibacterium enrichment from MBR sludge (12/3/2019),2020-10-12,
MBR-TSA-4,LDRD- Produced Water Reuse,Rehaibacterium enrichment from MBR sludge (12/3/2019),2020-10-08,
MBR-TSA-5,LDRD- Produced Water Reuse,Rehaibacterium enrichment from MBR sludge (12/3/2019),2020-10-12,
MBR-TSA-6,LDRD- Produced Water Reuse,Rehaibacterium enrichment from MBR sludge (12/3/2019),2020-10-12,
ME-MA-3.3b-1,LDRD- Produced Water Reuse,Methylophaga enrichment experiments (with MeOH and TMA),2020-10-29,
ME-MA-3.3b-2,LDRD- Produced Water Reuse,Methylophaga enrichment experiments (with MeOH and TMA),2020-10-29,
ME-MA-4.2a-1,LDRD- Produced Water Reuse,Methylophaga enrichment experiments (with MeOH and TMA),2020-10-29,
ME-MA-4.2a-2,LDRD- Produced Water Reuse,Methylophaga enrichment experiments (with MeOH and TMA),2020-10-29,
ME-MA-4.2b-1,LDRD- Produced Water Reuse,Methylophaga enrichment experiments (with MeOH and TMA),2020-10-29,
ME-MA-4.2b-2,LDRD- Produced Water Reuse,Methylophaga enrichment experiments (with MeOH and TMA),2020-10-29,
ME-MA-5.2a-3,LDRD- Produced Water Reuse,Methylophaga enrichment experiments (with MeOH and TMA),2020-10-29,
ME-MeOH-2.3a-1,LDRD- Produced Water Reuse,Methylophaga enrichment experiments (with MeOH and TMA),2020-10-29,
ME-MeOH-2.3a-2,LDRD- Produced Water Reuse,Methylophaga enrichment experiments (with MeOH and TMA),2020-10-29,
ME-MeOH-3.3a-1,LDRD- Produced Water Reuse,Methylophaga enrichment experiments (with MeOH and TMA),2020-10-29,
ME-MeOH-3.3a-3,LDRD- Produced Water Reuse,Methylophaga enrichment experiments (with MeOH and TMA),2020-10-29,
ME-MeOH-4.2a-1,LDRD- Produced Water Reuse,Methylophaga enrichment experiments (with MeOH and TMA),2020-10-29,
ME-MeOH-4.2a-2,LDRD- Produced Water Reuse,Methylophaga enrichment experiments (with MeOH and TMA),2020-10-29,
ME-MeOH-6.2a-2,LDRD- Produced Water Reuse,Methylophaga enrichment experiments (with MeOH and TMA),2020-10-29,
ME-MeOH-6.2a-3,LDRD- Produced Water Reuse,Methylophaga enrichment experiments (with MeOH and TMA),2020-10-29,
ME-TMA-1.3b-4,LDRD- Produced Water Reuse,Methylophaga enrichment experiments (with MeOH and TMA),2020-10-29,
N.E.,SRB isolates,,,
N.I,SRB isolates,,,
N.P. ,SRB isolates,,,
N.Q.,SRB isolates,,,
Origin,,,,
PW-10,LDRD- Produced Water Reuse,PW1 (CO),2019-09-20,
PW-11,LDRD- Produced Water Reuse,PW1 (CO),2019-09-20,
PW-12,LDRD- Produced Water Reuse,PW1 (CO),2019-09-20,
PW-13,LDRD- Produced Water Reuse,PW1 (CO),2019-09-20,
PW-14,LDRD- Produced Water Reuse,PW1 (CO),2019-09-20,
PW-15,LDRD- Produced Water Reuse,PW1 (CO),2019-09-20,
PW-16,LDRD- Produced Water Reuse,PW1 (CO),2019-09-20,
PW-17,LDRD- Produced Water Reuse,PW1 (CO),2019-09-20,
PW-18,LDRD- Produced Water Reuse,PW2 (CO),2019-09-20,
PW-19,LDRD- Produced Water Reuse,PW3 (CO),2019-11-06,
PW-20,LDRD- Produced Water Reuse,PW3 (CO),2019-11-06,
PW-23,LDRD- Produced Water Reuse,PW3 (CO),2019-11-06,
PW-24,LDRD- Produced Water Reuse,PW3 (CO),2019-11-06,
PW-26,LDRD- Produced Water Reuse,PW3 (CO),2019-11-06,
PW-27,LDRD- Produced Water Reuse,PW3 (CO),2019-11-06,
PW-28,LDRD- Produced Water Reuse,PW3 (CO),2019-11-06,
PW-29,LDRD- Produced Water Reuse,PW3 (CO),2019-11-06,
PW-3,LDRD- Produced Water Reuse,PW2 (CO),2019-09-20,
PW-30,LDRD- Produced Water Reuse,PW3 (CO),2019-11-06,
PW-32,LDRD- Produced Water Reuse,PW3 (CO),2019-11-06,
PW-33,LDRD- Produced Water Reuse,PW3 (CO),2019-11-06,
PW-34,LDRD- Produced Water Reuse,PW3 (CO),2019-11-06,
PW-35,LDRD- Produced Water Reuse,PW3 (CO),2019-11-06,
PW-36,LDRD- Produced Water Reuse,PW3 (CO),2019-11-06,
PW-37,LDRD- Produced Water Reuse,PW3 (CO),2019-11-06,
PW-38,LDRD- Produced Water Reuse,PW3 (CO),2019-11-06,
PW-4,LDRD- Produced Water Reuse,PW2 (CO),2019-09-20,
PW-40,LDRD- Produced Water Reuse,PW4 (CO),2019-12-09,
PW-41,LDRD- Produced Water Reuse,PW4 (CO),2019-12-09,
PW-44,LDRD- Produced Water Reuse,PW4 (CO),2019-12-09,
PW-45,LDRD- Produced Water Reuse,PW4 (CO),2019-12-09,
PW-46,LDRD- Produced Water Reuse,PW4 (CO),2019-12-09,
PW-5,LDRD- Produced Water Reuse,PW2 (CO),2019-09-20,
PW-6,LDRD- Produced Water Reuse,PW2 (CO),2019-09-20,
PW-9,LDRD- Produced Water Reuse,PW1 (CO),2019-09-20,
PWCA 1,LDRD- Produced Water Reuse,"PW- New York, CA",2020-03-16,
PWCA 2,LDRD- Produced Water Reuse,"PW- New York, CA",2020-03-16,
PWCA 3,LDRD- Produced Water Reuse,"PW- New York, CA",2020-03-16,
PWCA 5,LDRD- Produced Water Reuse,"PW- New York, CA",2020-03-16,
PWCA 6,LDRD- Produced Water Reuse,"PW- New York, CA",2020-03-16,
Q,SRB isolates,,,
Q- from natalie,SRB isolates,,,
RCC-3A0-G12-51.1,mCAFEs-Reduced Complexity Consortia isolations,RCC enrichments,2022-01-01,
RCC-3A0-G12-51.2,mCAFEs-Reduced Complexity Consortia isolations,RCC enrichments,2022-01-01,
RCC-3A0-G12-52,mCAFEs-Reduced Complexity Consortia isolations,RCC enrichments,2022-01-01,
RCC-3A0-G12-53.2,mCAFEs-Reduced Complexity Consortia isolations,RCC enrichments,2022-01-01,
RCC-3A0-G12-53.3,mCAFEs-Reduced Complexity Consortia isolations,RCC enrichments,2022-01-01,
RCC-3A0-G12-54,mCAFEs-Reduced Complexity Consortia isolations,RCC enrichments,2022-01-01,
RCC-3A0-G12-55,mCAFEs-Reduced Complexity Consortia isolations,RCC enrichments,2022-01-01,
RCC-3A0-G12-56.1,mCAFEs-Reduced Complexity Consortia isolations,RCC enrichments,2022-01-01,
RCC-3A0-G12-56.2,mCAFEs-Reduced Complexity Consortia isolations,RCC enrichments,2022-01-01,
RCC-3A0-G12-57.2,mCAFEs-Reduced Complexity Consortia isolations,RCC enrichments,2022-01-01,
RCC-3A0-G12-57.3,mCAFEs-Reduced Complexity Consortia isolations,RCC enrichments,2022-01-01,
RCC-3A0-G12-57.4,mCAFEs-Reduced Complexity Consortia isolations,RCC enrichments,2022-01-01,
RCC-3A0-G12-58,mCAFEs-Reduced Complexity Consortia isolations,RCC enrichments,2022-01-01,
RCC-3A0-G12-59.2,mCAFEs-Reduced Complexity Consortia isolations,RCC enrichments,2022-01-01,
RCC-3A0-G12-59.4,mCAFEs-Reduced Complexity Consortia isolations,RCC enrichments,2022-01-01,
RCC-3A0-G12-59.5,mCAFEs-Reduced Complexity Consortia isolations,RCC enrichments,2022-01-01,
RCC-3A0-G12-60.1,mCAFEs-Reduced Complexity Consortia isolations,RCC enrichments,2022-01-01,
RCC-3A0-G12-60.2,mCAFEs-Reduced Complexity Consortia isolations,RCC enrichments,2022-01-01,
RCC-3A0-G12-60.3,mCAFEs-Reduced Complexity Consortia isolations,RCC enrichments,2022-01-01,
RCC-3A0-G12-62,mCAFEs-Reduced Complexity Consortia isolations,RCC enrichments,2022-01-01,
RCC-3A0-G12-63,mCAFEs-Reduced Complexity Consortia isolations,RCC enrichments,2022-01-01,
RCC-3A0-G12-64.1,mCAFEs-Reduced Complexity Consortia isolations,RCC enrichments,2022-01-01,
RCC-3A0-G12-64.2,mCAFEs-Reduced Complexity Consortia isolations,RCC enrichments,2022-01-01,
RCC-3A0-G12-66.4,mCAFEs-Reduced Complexity Consortia isolations,RCC enrichments,2022-01-01,
RCC-3A0-G12-66.5,mCAFEs-Reduced Complexity Consortia isolations,RCC enrichments,2022-01-01,
RCC-3A0-G12-67.1,mCAFEs-Reduced Complexity Consortia isolations,RCC enrichments,2022-01-01,
RCC-3A0-G12-67.2,mCAFEs-Reduced Complexity Consortia isolations,RCC enrichments,2022-01-01,
RCC-3A0-G12-67.3,mCAFEs-Reduced Complexity Consortia isolations,RCC enrichments,2022-01-01,
RCC-3A0-G12-67.4,mCAFEs-Reduced Complexity Consortia isolations,RCC enrichments,2022-01-01,
RCC-3A0-G12-67.5,mCAFEs-Reduced Complexity Consortia isolations,RCC enrichments,2022-01-01,
RCC-3A0-G12-68.1,mCAFEs-Reduced Complexity Consortia isolations,RCC enrichments,2022-01-01,
RCC-3A0-G12-68.3,mCAFEs-Reduced Complexity Consortia isolations,RCC enrichments,2022-01-01,
RCC-3A0-G12-68.4,mCAFEs-Reduced Complexity Consortia isolations,RCC enrichments,2022-01-01,
RCC-3A0-G12-69.1,mCAFEs-Reduced Complexity Consortia isolations,RCC enrichments,2022-01-01,
RCC-3A0-G12-69.2,mCAFEs-Reduced Complexity Consortia isolations,RCC enrichments,2022-01-01,
RCC-3A0-G12-70,mCAFEs-Reduced Complexity Consortia isolations,RCC enrichments,2022-01-01,
RCC-3A0-G12-71,mCAFEs-Reduced Complexity Consortia isolations,RCC enrichments,2022-01-01,
RCC-3A0-G12-72.2,mCAFEs-Reduced Complexity Consortia isolations,RCC enrichments,2022-01-01,
RCC-3A0-G12-72.3,mCAFEs-Reduced Complexity Consortia isolations,RCC enrichments,2022-01-01,
RCC-3A0-G12-74.2,mCAFEs-Reduced Complexity Consortia isolations,RCC enrichments,2022-01-01,
RCC-3A0-G12-74.3,mCAFEs-Reduced Complexity Consortia isolations,RCC enrichments,2022-01-01,
RCC-3A0-G3-75,mCAFEs-Reduced Complexity Consortia isolations,RCC enrichments,2022-01-27,
RCC-3A0-G3-76,mCAFEs-Reduced Complexity Consortia isolations,RCC enrichments,2022-01-27,
RCC-3A0-G3-77,mCAFEs-Reduced Complexity Consortia isolations,RCC enrichments,2022-01-27,
RCC-3A0-G3-78,mCAFEs-Reduced Complexity Consortia isolations,RCC enrichments,2022-01-27,
RCC-3A0-G3-79,mCAFEs-Reduced Complexity Consortia isolations,RCC enrichments,2022-01-27,
RCC-3A0-G3-80,mCAFEs-Reduced Complexity Consortia isolations,RCC enrichments,2022-01-27,
RCC-3A0-G3-81,mCAFEs-Reduced Complexity Consortia isolations,RCC enrichments,2022-01-27,
RCC-3A0-G3-83.1,mCAFEs-Reduced Complexity Consortia isolations,RCC enrichments,2022-01-27,
RCC-3A0-G3-83.2,mCAFEs-Reduced Complexity Consortia isolations,RCC enrichments,2022-01-27,
RCC-3A0-G3-87,mCAFEs-Reduced Complexity Consortia isolations,RCC enrichments,2022-01-27,
RCC-3A0-G3-88,mCAFEs-Reduced Complexity Consortia isolations,RCC enrichments,2022-01-27,
RCC-3A0-G3-92,mCAFEs-Reduced Complexity Consortia isolations,RCC enrichments,2022-01-27,
RCC-3A0-G3-93,mCAFEs-Reduced Complexity Consortia isolations,RCC enrichments,2022-01-27,
RCC-3A0-G3-95,mCAFEs-Reduced Complexity Consortia isolations,RCC enrichments,2022-01-27,
RCC-3A0-G7-100.2,mCAFEs-Reduced Complexity Consortia isolations,RCC enrichments,2022-01-27,
RCC-3A0-G7-101,mCAFEs-Reduced Complexity Consortia isolations,RCC enrichments,2022-01-27,
RCC-3A0-G7-102,mCAFEs-Reduced Complexity Consortia isolations,RCC enrichments,2022-01-27,
RCC-3A0-G7-103,mCAFEs-Reduced Complexity Consortia isolations,RCC enrichments,2022-01-27,
RCC-3A0-G7-107,mCAFEs-Reduced Complexity Consortia isolations,RCC enrichments,2022-01-27,
RCC-3A0-G7-109,mCAFEs-Reduced Complexity Consortia isolations,RCC enrichments,2022-01-27,
RCC-3A0-G7-110,mCAFEs-Reduced Complexity Consortia isolations,RCC enrichments,2022-01-27,
RCC-3A0-G7-111,mCAFEs-Reduced Complexity Consortia isolations,RCC enrichments,2022-01-27,
RCC-3A0-G7-114,mCAFEs-Reduced Complexity Consortia isolations,RCC enrichments,2022-01-27,
RCC-3A0-G7-115,mCAFEs-Reduced Complexity Consortia isolations,RCC enrichments,2022-01-27,
RCC-3A0-G7-116,mCAFEs-Reduced Complexity Consortia isolations,RCC enrichments,2022-01-27,
RCC-3A0-G7-117,mCAFEs-Reduced Complexity Consortia isolations,RCC enrichments,2022-01-27,
RCC-3A0-G7-118,mCAFEs-Reduced Complexity Consortia isolations,RCC enrichments,2022-01-27,
RCC-3A0-G7-119,mCAFEs-Reduced Complexity Consortia isolations,RCC enrichments,2022-01-27,
RCC-3A0-G7-120,mCAFEs-Reduced Complexity Consortia isolations,RCC enrichments,2022-01-27,
RCC-3A0-G7-121,mCAFEs-Reduced Complexity Consortia isolations,RCC enrichments,2022-01-27,
RCC-3A0-G7-123,mCAFEs-Reduced Complexity Consortia isolations,RCC enrichments,2022-01-27,
RCC-3A0-G7-124,mCAFEs-Reduced Complexity Consortia isolations,RCC enrichments,2022-01-27,
RCC-3A0-G7-125,mCAFEs-Reduced Complexity Consortia isolations,RCC enrichments,2022-01-27,
RCC-3A0-G7-126,mCAFEs-Reduced Complexity Consortia isolations,RCC enrichments,2022-01-27,
RCC-3A0-G7-128,mCAFEs-Reduced Complexity Consortia isolations,RCC enrichments,2022-01-27,
RCC-3A0-G7-129,mCAFEs-Reduced Complexity Consortia isolations,RCC enrichments,2022-01-27,
RCC-3A0-G7-130,mCAFEs-Reduced Complexity Consortia isolations,RCC enrichments,2022-01-27,
RCC-3A0-G7-131,mCAFEs-Reduced Complexity Consortia isolations,RCC enrichments,2022-01-27,
RCC-3A0-G7-132,mCAFEs-Reduced Complexity Consortia isolations,RCC enrichments,2022-01-27,
RCC-3A0-G7-133,mCAFEs-Reduced Complexity Consortia isolations,RCC enrichments,2022-01-27,
RCC-3A0-G7-134,mCAFEs-Reduced Complexity Consortia isolations,RCC enrichments,2022-01-27,
RCC-3A0-G7-135,mCAFEs-Reduced Complexity Consortia isolations,RCC enrichments,2022-01-27,
RCC-3A0-G7-98,mCAFEs-Reduced Complexity Consortia isolations,RCC enrichments,2022-01-27,
RCC-3B2-H1-21,mCAFEs-Reduced Complexity Consortia isolations,RCC enrichments,2021-09-01,
RCC-3B2-H1-40,mCAFEs-Reduced Complexity Consortia isolations,RCC enrichments,2021-11-01,
RCC-3B2-H1-45,mCAFEs-Reduced Complexity Consortia isolations,RCC enrichments,2021-11-01,
RCC-3B2-H2-24,mCAFEs-Reduced Complexity Consortia isolations,RCC enrichments,2021-11-01,
RCC-3B2-H2-26,mCAFEs-Reduced Complexity Consortia isolations,RCC enrichments,2021-11-01,
RCC-3B2-H2-27,mCAFEs-Reduced Complexity Consortia isolations,RCC enrichments,2021-11-01,
RCC-3B2-H2-28,mCAFEs-Reduced Complexity Consortia isolations,RCC enrichments,2021-11-01,
RCC-3B2-H2-29,mCAFEs-Reduced Complexity Consortia isolations,RCC enrichments,2021-11-01,
RCC-3B2-H2-39,mCAFEs-Reduced Complexity Consortia isolations,RCC enrichments,2021-11-01,
RCC-3B2-H4-11.1,mCAFEs-Reduced Complexity Consortia isolations,RCC enrichments,2021-09-01,
RCC-3B2-H4-12,mCAFEs-Reduced Complexity Consortia isolations,RCC enrichments,2021-09-01,
RCC-3B2-H4-13.1,mCAFEs-Reduced Complexity Consortia isolations,RCC enrichments,2021-09-01,
RCC-3B2-H4-13.2,mCAFEs-Reduced Complexity Consortia isolations,RCC enrichments,2021-09-01,
RCC-3B3-H5-05,mCAFEs-Reduced Complexity Consortia isolations,RCC enrichments,2021-09-01,
RCC-3B3-H5-06.1,mCAFEs-Reduced Complexity Consortia isolations,RCC enrichments,2021-09-01,
RCC-3B3-H5-06.2,mCAFEs-Reduced Complexity Consortia isolations,RCC enrichments,2021-09-01,
RCC-3B3-H5-07,mCAFEs-Reduced Complexity Consortia isolations,RCC enrichments,2021-09-01,
RCC-3B3-H5-08,mCAFEs-Reduced Complexity Consortia isolations,RCC enrichments,2021-09-01,
RCC-3B3-H5-09,mCAFEs-Reduced Complexity Consortia isolations,RCC enrichments,2021-09-01,
RCC-3B3-H5-10,mCAFEs-Reduced Complexity Consortia isolations,RCC enrichments,2021-09-01,
RCC-3B4-H10-01,mCAFEs-Reduced Complexity Consortia isolations,RCC enrichments,2021-09-01,
RCC-3B4-H10-02,mCAFEs-Reduced Complexity Consortia isolations,RCC enrichments,2021-09-01,
RCC-3B4-H10-3.1,mCAFEs-Reduced Complexity Consortia isolations,RCC enrichments,2021-09-01,
RCC-3B4-H10-3.2,mCAFEs-Reduced Complexity Consortia isolations,RCC enrichments,2021-09-01,
RCC-3B4-H10-4.1,mCAFEs-Reduced Complexity Consortia isolations,RCC enrichments,2021-09-01,
RCC-3B4-H10-4.2,mCAFEs-Reduced Complexity Consortia isolations,RCC enrichments,2021-09-01,
RCC-3B8-H12-18,mCAFEs-Reduced Complexity Consortia isolations,RCC enrichments,2021-09-01,
RCC-3B8-H12-19,mCAFEs-Reduced Complexity Consortia isolations,RCC enrichments,2021-09-01,
RCC-3B8-H12-20,mCAFEs-Reduced Complexity Consortia isolations,RCC enrichments,2021-09-01,
RCC-3B8-H12-30,mCAFEs-Reduced Complexity Consortia isolations,RCC enrichments,2021-11-01,
RCC-3B8-H12-31,mCAFEs-Reduced Complexity Consortia isolations,RCC enrichments,2021-11-01,
RCC-3B8-H12-32,mCAFEs-Reduced Complexity Consortia isolations,RCC enrichments,2021-11-01,
RCC-3B8-H12-33,mCAFEs-Reduced Complexity Consortia isolations,RCC enrichments,2021-11-01,
RCC-3B8-H12-34.2_R,mCAFEs-Reduced Complexity Consortia isolations,RCC enrichments,2021-11-01,
RCC-3B8-H12-34_R,mCAFEs-Reduced Complexity Consortia isolations,RCC enrichments,2021-11-01,
RCC-3B8-H12-35,mCAFEs-Reduced Complexity Consortia isolations,RCC enrichments,2021-11-01,
RCC-3B8-H12-36,mCAFEs-Reduced Complexity Consortia isolations,RCC enrichments,2021-11-01,
RCC-3B8-H12-37,mCAFEs-Reduced Complexity Consortia isolations,RCC enrichments,2021-11-01,
RCC-3B8-H12-38,mCAFEs-Reduced Complexity Consortia isolations,RCC enrichments,2021-11-01,
RCC-3B8-H12-41,mCAFEs-Reduced Complexity Consortia isolations,RCC enrichments,2021-11-01,
RCC-3B8-H12-42,mCAFEs-Reduced Complexity Consortia isolations,RCC enrichments,2021-11-01,
RCC-3B8-H12-43.1,mCAFEs-Reduced Complexity Consortia isolations,RCC enrichments,2021-11-01,
RCC-3B8-H12-43.2,mCAFEs-Reduced Complexity Consortia isolations,RCC enrichments,2021-11-01,
RCC-3B8-H12-44,mCAFEs-Reduced Complexity Consortia isolations,RCC enrichments,2021-11-01,
RCC-3B8-H2-14,mCAFEs-Reduced Complexity Consortia isolations,RCC enrichments,2021-09-01,
RCC-3B8-H2-15,mCAFEs-Reduced Complexity Consortia isolations,RCC enrichments,2021-09-01,
RCC-7B2-H8-186,mCAFEs-Reduced Complexity Consortia isolations,RCC enrichments,2022-04-01,
RCC-7B2-H8-187,mCAFEs-Reduced Complexity Consortia isolations,RCC enrichments,2022-04-01,
RCC-7B2-H8-188,mCAFEs-Reduced Complexity Consortia isolations,RCC enrichments,2022-04-01,
RCC-7B2-H8-189,mCAFEs-Reduced Complexity Consortia isolations,RCC enrichments,2022-04-01,
RCC-7B2-H8-190,mCAFEs-Reduced Complexity Consortia isolations,RCC enrichments,2022-04-01,
RCC-7B2-H8-192,mCAFEs-Reduced Complexity Consortia isolations,RCC enrichments,2022-04-01,
RCC-7B2-H8-193,mCAFEs-Reduced Complexity Consortia isolations,RCC enrichments,2022-04-01,
RCC-7B2-H8-194,mCAFEs-Reduced Complexity Consortia isolations,RCC enrichments,2022-04-01,
RCC-7B2-H8-195,mCAFEs-Reduced Complexity Consortia isolations,RCC enrichments,2022-04-01,
RCC-7B2-H8-197,mCAFEs-Reduced Complexity Consortia isolations,RCC enrichments,2022-04-01,
RCC-7B2-H8-199,mCAFEs-Reduced Complexity Consortia isolations,RCC enrichments,2022-04-01,
RCC-7B2-H8-200,mCAFEs-Reduced Complexity Consortia isolations,RCC enrichments,2022-04-01,
RCC-7B2-H8-202,mCAFEs-Reduced Complexity Consortia isolations,RCC enrichments,2022-04-01,
RCC-7B2-H8-204,mCAFEs-Reduced Complexity Consortia isolations,RCC enrichments,2022-04-01,
RCC-7B2-H8-205,mCAFEs-Reduced Complexity Consortia isolations,RCC enrichments,2022-04-01,
RCC-7B2-H8-207,mCAFEs-Reduced Complexity Consortia isolations,RCC enrichments,2022-04-01,
RCC-7B2-H8-208,mCAFEs-Reduced Complexity Consortia isolations,RCC enrichments,2022-04-01,
RCC-7B8-H10-166,mCAFEs-Reduced Complexity Consortia isolations,RCC enrichments,2022-03-05,
RCC-7B8-H10-184,mCAFEs-Reduced Complexity Consortia isolations,RCC enrichments,2022-03-20,
RCC-7B8-H3-136,mCAFEs-Reduced Complexity Consortia isolations,RCC enrichments,2022-02-01,
RCC-7B8-H3-137,mCAFEs-Reduced Complexity Consortia isolations,RCC enrichments,2022-02-02,
RCC-7B8-H3-138,mCAFEs-Reduced Complexity Consortia isolations,RCC enrichments,2022-02-03,
RCC-7B8-H3-139,mCAFEs-Reduced Complexity Consortia isolations,RCC enrichments,2022-02-04,
RCC-7B8-H3-140.1,mCAFEs-Reduced Complexity Consortia isolations,RCC enrichments,2022-02-05,
RCC-7B8-H3-140.2,mCAFEs-Reduced Complexity Consortia isolations,RCC enrichments,2022-02-06,
RCC-7B8-H3-141,mCAFEs-Reduced Complexity Consortia isolations,RCC enrichments,2022-02-07,
RCC-7B8-H3-142,mCAFEs-Reduced Complexity Consortia isolations,RCC enrichments,2022-02-08,
RCC-7B8-H3-143,mCAFEs-Reduced Complexity Consortia isolations,RCC enrichments,2022-02-09,
RCC-7B8-H3-168,mCAFEs-Reduced Complexity Consortia isolations,RCC enrichments,2022-03-06,
RCC-7B8-H3-169.1,mCAFEs-Reduced Complexity Consortia isolations,RCC enrichments,2022-03-07,
RCC-7B8-H3-170,mCAFEs-Reduced Complexity Consortia isolations,RCC enrichments,2022-03-08,
RCC-7B8-H3-172.1,mCAFEs-Reduced Complexity Consortia isolations,RCC enrichments,2022-03-09,
RCC-7B8-H3-172.2,mCAFEs-Reduced Complexity Consortia isolations,RCC enrichments,2022-03-10,
RCC-7B8-H3-173,mCAFEs-Reduced Complexity Consortia isolations,RCC enrichments,2022-03-11,
RCC-7B8-H3-174.1,mCAFEs-Reduced Complexity Consortia isolations,RCC enrichments,2022-03-12,
RCC-7B8-H3-174.2,mCAFEs-Reduced Complexity Consortia isolations,RCC enrichments,2022-03-13,
RCC-7B8-H3-176,mCAFEs-Reduced Complexity Consortia isolations,RCC enrichments,2022-03-14,
RCC-7B8-H3-177,mCAFEs-Reduced Complexity Consortia isolations,RCC enrichments,2022-03-15,
RCC-7B8-H310-144,mCAFEs-Reduced Complexity Consortia isolations,RCC enrichments,2022-02-10,
RCC-7B8-H310-145,mCAFEs-Reduced Complexity Consortia isolations,RCC enrichments,2022-02-11,
RCC-7B8-H310-146,mCAFEs-Reduced Complexity Consortia isolations,RCC enrichments,2022-02-12,
RCC-7B8-H310-147,mCAFEs-Reduced Complexity Consortia isolations,RCC enrichments,2022-02-13,
RCC-7B8-H310-148,mCAFEs-Reduced Complexity Consortia isolations,RCC enrichments,2022-02-14,
RCC-7B8-H310-150,mCAFEs-Reduced Complexity Consortia isolations,RCC enrichments,2022-02-15,
RCC-7B8-H310-152.1,mCAFEs-Reduced Complexity Consortia isolations,RCC enrichments,2022-02-16,
RCC-7B8-H310-152.2,mCAFEs-Reduced Complexity Consortia isolations,RCC enrichments,2022-02-17,
RCC-7B8-H310-153.1,mCAFEs-Reduced Complexity Consortia isolations,RCC enrichments,2022-02-18,
RCC-7B8-H310-153.2,mCAFEs-Reduced Complexity Consortia isolations,RCC enrichments,2022-02-19,
RCC-7B8-H310-154.2,mCAFEs-Reduced Complexity Consortia isolations,RCC enrichments,2022-02-20,
RCC-7B8-H310-154.3,mCAFEs-Reduced Complexity Consortia isolations,RCC enrichments,2022-02-21,
RCC-7B8-H5-155,mCAFEs-Reduced Complexity Consortia isolations,RCC enrichments,2022-02-22,
RCC-7B8-H5-156,mCAFEs-Reduced Complexity Consortia isolations,RCC enrichments,2022-02-23,
RCC-7B8-H5-158,mCAFEs-Reduced Complexity Consortia isolations,RCC enrichments,2022-02-24,
RCC-7B8-H5-159,mCAFEs-Reduced Complexity Consortia isolations,RCC enrichments,2022-02-25,
RCC-7B8-H5-160,mCAFEs-Reduced Complexity Consortia isolations,RCC enrichments,2022-02-26,
RCC-7B8-H5-161.1,mCAFEs-Reduced Complexity Consortia isolations,RCC enrichments,2022-02-27,
RCC-7B8-H5-161.2,mCAFEs-Reduced Complexity Consortia isolations,RCC enrichments,2022-02-28,
RCC-7B8-H5-162,mCAFEs-Reduced Complexity Consortia isolations,RCC enrichments,2022-03-01,
RCC-7B8-H5-163,mCAFEs-Reduced Complexity Consortia isolations,RCC enrichments,2022-03-02,
RCC-7B8-H5-164.2,mCAFEs-Reduced Complexity Consortia isolations,RCC enrichments,2022-03-03,
RCC-7B8-H5-165.1,mCAFEs-Reduced Complexity Consortia isolations,RCC enrichments,2022-03-04,
RCC-7B8-H5-178,mCAFEs-Reduced Complexity Consortia isolations,RCC enrichments,2022-03-16,
RCC-7B8-H5-180,mCAFEs-Reduced Complexity Consortia isolations,RCC enrichments,2022-03-17,
RCC-7B8-H5-181,mCAFEs-Reduced Complexity Consortia isolations,RCC enrichments,2022-03-18,
RCC-7B8-H5-182,mCAFEs-Reduced Complexity Consortia isolations,RCC enrichments,2022-03-19,
S-G2--7,,"B.distachyon rhizosphere grown in UC Davis soil in EcoFAB, enriched in corresponding carbon source",2020-02-07,
S-G2-1,,Nameera enrichments with B. distachyon in Davis soil,2020-02-07,
S-G2-1,,"B.distachyon rhizosphere grown in UC Davis soil in EcoFAB, enriched in corresponding carbon source",2020-02-07,
S-G2-1,,"B.distachyon rhizosphere grown in UC Davis soil in EcoFAB, enriched in corresponding carbon source",2020-02-07,
S-G2-2,,Nameera enrichments with B. distachyon in Davis soil,2020-02-26,
S-G2-2,,"B.distachyon rhizosphere grown in UC Davis soil in EcoFAB, enriched in corresponding carbon source",2020-02-26,
S-G2-2,,"B.distachyon rhizosphere grown in UC Davis soil in EcoFAB, enriched in corresponding carbon source",2020-02-26,
S-G2-3,,"B.distachyon rhizosphere grown in UC Davis soil in EcoFAB, enriched in corresponding carbon source",2020-02-26,
S-G2-3,,"B.distachyon rhizosphere grown in UC Davis soil in EcoFAB, enriched in corresponding carbon source",2020-02-26,
S-G2-3,,Nameera enrichments with B. distachyon in Davis soil,2020-02-26,
S-G2-5,,"B.distachyon rhizosphere grown in UC Davis soil in EcoFAB, enriched in corresponding carbon source",2020-02-26,
S-G2-6,,"B.distachyon rhizosphere grown in UC Davis soil in EcoFAB, enriched in corresponding carbon source",2020-02-26,
S-G2-7,,Nameera enrichments with B. distachyon in Davis soil,2020-02-07,
S-G2-7,,"B.distachyon rhizosphere grown in UC Davis soil in EcoFAB, enriched in corresponding carbon source",2020-02-07,
S-G2-8,,"B.distachyon rhizosphere grown in UC Davis soil in EcoFAB, enriched in corresponding carbon source",2020-02-26,
S-G2-9,,"B.distachyon rhizosphere grown in UC Davis soil in EcoFAB, enriched in corresponding carbon source",2020-02-26,
SA-G2-11,,"B.distachyon rhizosphere grown in UC Davis soil in EcoFAB, enriched in corresponding carbon source",2020-03-12,
SA-G2-12,,"B.distachyon rhizosphere grown in UC Davis soil in EcoFAB, enriched in corresponding carbon source",2020-03-12,
SA-G2-13,,"B.distachyon rhizosphere grown in UC Davis soil in EcoFAB, enriched in corresponding carbon source",2020-03-12,
SA-G2-13,,"B.distachyon rhizosphere grown in UC Davis soil in EcoFAB, enriched in corresponding carbon source",2020-03-12,
SA-G2-14,,"B.distachyon rhizosphere grown in UC Davis soil in EcoFAB, enriched in corresponding carbon source",2020-03-12,
SA-G2-15,,"B.distachyon rhizosphere grown in UC Davis soil in EcoFAB, enriched in corresponding carbon source",2020-03-12,
SA-G2-17,,"B.distachyon rhizosphere grown in UC Davis soil in EcoFAB, enriched in corresponding carbon source",2020-03-12,
SA-G2-6,,"B.distachyon rhizosphere grown in UC Davis soil in EcoFAB, enriched in corresponding carbon source",2020-03-12,
SA-G2-7,,"B.distachyon rhizosphere grown in UC Davis soil in EcoFAB, enriched in corresponding carbon source",2020-03-12,
SA-G2-8,,"B.distachyon rhizosphere grown in UC Davis soil in EcoFAB, enriched in corresponding carbon source",2020-03-12,
SA-G2-9,,"B.distachyon rhizosphere grown in UC Davis soil in EcoFAB, enriched in corresponding carbon source",2020-03-12,
Se-G2-1,,Nameera enrichments with B. distachyon in Davis soil,2020-02-07,
Se-G2-11,,"B.distachyon rhizosphere grown in UC Davis soil in EcoFAB, enriched in corresponding carbon source",2020-02-26,
Se-G2-2,,Nameera enrichments with B. distachyon in Davis soil,2020-02-07,
Se-G2-6,,"B.distachyon rhizosphere grown in UC Davis soil in EcoFAB, enriched in corresponding carbon source",2020-02-26,
Su-G2-11,,"B.distachyon rhizosphere grown in UC Davis soil in EcoFAB, enriched in corresponding carbon source",2020-03-12,
Su-G2-13,,"B.distachyon rhizosphere grown in UC Davis soil in EcoFAB, enriched in corresponding carbon source",2020-02-26,
Su-G2-15,,Nameera enrichments with B. distachyon in Davis soil,2020-03-12,
Su-G2-15,,Nameera enrichments with B. distachyon in Davis soil,2020-03-12,
Su-G2-15,,Nameera enrichments with B. distachyon in Davis soil,2020-03-12,
Su-G2-15,,"B.distachyon rhizosphere grown in UC Davis soil in EcoFAB, enriched in corresponding carbon source",2020-03-12,
Su-G2-16,,"B.distachyon rhizosphere grown in UC Davis soil in EcoFAB, enriched in corresponding carbon source",2020-03-12,
Su-G2-3,,Nameera enrichments with B. distachyon in Davis soil,2020-02-26,
Su-G2-3,,Nameera enrichments with B. distachyon in Davis soil,2020-02-26,
Su-G2-3,,Nameera enrichments with B. distachyon in Davis soil,2020-02-26,
Su-G2-4,,"B.distachyon rhizosphere grown in UC Davis soil in EcoFAB, enriched in corresponding carbon source",2020-02-07,
Su-G2-4,,Nameera enrichments with B. distachyon in Davis soil,2020-02-07,
Su-G2-4,,Nameera enrichments with B. distachyon in Davis soil,2020-02-07,
Su-G2-4,,"B.distachyon rhizosphere grown in UC Davis soil in EcoFAB, enriched in corresponding carbon source",2020-02-07,
Su-G2-5,,Nameera enrichments with B. distachyon in Davis soil,2020-02-26,
Su-G2-5,,"B.distachyon rhizosphere grown in UC Davis soil in EcoFAB, enriched in corresponding carbon source",2020-02-26,
Su-G2-5,,"B.distachyon rhizosphere grown in UC Davis soil in EcoFAB, enriched in corresponding carbon source",2020-02-26,
Su-G2-6,,"B.distachyon rhizosphere grown in UC Davis soil in EcoFAB, enriched in corresponding carbon source",2020-02-26,
Su-G2-7,,"B.distachyon rhizosphere grown in UC Davis soil in EcoFAB, enriched in corresponding carbon source",2020-02-26,
Su-G2-8,,Nameera enrichments with B. distachyon in Davis soil,2020-02-26,
Su-G2-8,,"B.distachyon rhizosphere grown in UC Davis soil in EcoFAB, enriched in corresponding carbon source",2020-02-26,
Su-G2-8,,"B.distachyon rhizosphere grown in UC Davis soil in EcoFAB, enriched in corresponding carbon source",2020-02-26,
Su-G2-9,,"B.distachyon rhizosphere grown in UC Davis soil in EcoFAB, enriched in corresponding carbon source",2020-02-07,
Su-G2-9,,"B.distachyon rhizosphere grown in UC Davis soil in EcoFAB, enriched in corresponding carbon source",2020-02-07,
,,,,
,,,,
,,,,
,,,,
,,,,
,,,,
,,,,
,,,,
,,,,
,,,,
,,,,
,,,,
,,,,
,,,,
,,,,
,,,,
,,,,
,,,,
,,,,
,,,,
,,,,
,,,,
,,,,
,,,,
,,,,
,,,,
,,,,
,,,,
,,,,
,,,,
,,,,
,,,,
,,,,
,,,,
,,,,
,,,,
,,,,
,,,,
,,,,
,,,,
,,,,
,,,,
,,,,
,,,,
,,,,
,,,,
,,,,
,,,,
,,,,
,,,,
,,,,
,,,,
,,,,
,,,,
,,,,
,,,,
,,,,
,,,,
,,,,
,,,,
,,,,
,,,,
,,,,
,,,,
,,,,
,,,,
,,,,
,,,,
,,,,
,,,,
,,,,
,,,,
,,,,
,,,,
,,,,
,,,,
,,,,
,,,,
,,,,
,,,,
,,,,
,,,,
,,,,
,,,,
,,,,
,,,,
,,,,
,,,,
,,,,
,,,,
,,,,
,,,,
,,,,
,,,,
,,,,
,,,,
,,,,
,,,,
,,,,
,,,,
,,,,
,,,,
,,,,
,,,,
,,,,
,,,,
,,,,
,,,,
,,,,
,,,,
,,,,
,,,,
,,,,
,,,,
,,,,
,,,,
,,,,
,,,,
,,,,
,,,,
,,,,
,,,,
,,,,
,,,,
,,,,
,,,,
,,,,
,,,,
,,,,
,,,,
,,,,
,,,,
,,,,
,,,,
,,,,
,,,,
,,,,
,,,,
,,,,
,,,,
,,,,
,,,,
,,,,
,,,,
,,,,
,,,,
,,,,
,,,,
,,,,
,,,,
,,,,
,,,,
,,,,
,,,,
,,,,
,,,,
,,,,
,,,,
,,,,
,,,,
,,,,
,,,,
,,,,
,,,,
,,,,
,,,,
,,,,
,,,,
,,,,
,,,,
,,,,
,,,,
,,,,
,,,,
,,,,
,,,,
,,,,
,,,,
,,,,
,,,,
,,,,
,,,,
,,,,
,,,,
,,,,
,,,,
,,,,
,,,,
,,,,
,,,,
,,,,
,,,,
,,,,
,,,,
,,,,
,,,,
,,,,
,,,,
,,,,
,,,,
,,,,
,,,,
,,,,
,,,,
,,,,
,,,,
,,,,
,,,,
,,,,
,,,,
,,,,
,,,,
,,,,
,,,,
,,,,
,,,,
,,,,
,,,,
,,,,
,,,,
,,,,
,,,,
,,,,
,,,,
,,,,
,,,,
,,,,
,,,,
,,,,
,,,,
,,,,
,,,,
,,,,
,,,,
,,,,
,,,,
,,,,
,,,,
,,,,
,,,,
,,,,
,,,,
,,,,
,,,,
,,,,
,,,,
,,,,
,,,,
,,,,
,,,,
,,,,
,,,,
,,,,
,,,,
,,,,
,,,,
,,,,
,,,,
,,,,
,,,,
,,,,
,,,,
,,,,
,,,,
,,,,
,,,,
,,,,
,,,,
,,,,
,,,,
,,,,
,,,,
,,,,
,,,,
,,,,
,,,,
,,,,
,,,,
,,,,
,,,,
,,,,
,,,,
,,,,
,,,,
,,,,
,,,,
,,,,
,,,,
,,,,
,,,,
,,,,
,,,,
,,,,
,,,,
,,,,
,,,,
,,,,
,,,,
,,,,
,,,,
,,,,
,,,,
,,,,
,,,,
,,,,
,,,,
,,,,
,,,,
,,,,
,,,,
,,,,
,,,,
,,,,
,,,,
,,,,
,,,,
,,,,
,,,,
,,,,
,,,,
,,,,
,,,,
,,,,
,,,,
,,,,
,,,,
,,,,
,,,,
,,,,
,,,,
,,,,
,,,,
,,,,
,,,,
,,,,
,,,,
,,,,
,,,,
,,,,
,,,,
,,,,
,,,,
,,,,
,,,,
,,,,
,,,,
,,,,
,,,,
,,,,
,,,,
,,,,
,,,,
,,,,
,,,,
,,,,
,,,,
,,,,
,,,,
,,,,
,,,,
,,,,
,,,,
,,,,
,,,,
,,,,
,,,,
,,,,
,,,,
,,"B.distachyon rhizosphere grown in UC Davis soil in EcoFAB, enriched in corresponding carbon source",2020-02-07,
,,"B.distachyon rhizosphere grown in UC Davis soil in EcoFAB, enriched in corresponding carbon source",2020-02-07,
,,,,
,,Nameera enrichments with B. distachyon in Davis soil,2020-02-07,
,,,,
,,,,
,,,,
,,,,
,,,,
,,,,
,,,,
,,,,
,,,,
,,,,
,,,,
,,,,
,,,,
,,,,
,,,,
,,,,
,,Switchgrass rhizosphere,,
,,Switchgrass rhizosphere,,
,,Switchgrass rhizosphere,,
,,Switchgrass rhizosphere,,
,,Switchgrass rhizosphere,,
,,Switchgrass rhizosphere,,
,,Switchgrass rhizosphere,,
,,Switchgrass rhizosphere,,
,,Switchgrass rhizosphere,,
,,Switchgrass rhizosphere,,
,,Switchgrass rhizosphere,,
,,Switchgrass rhizosphere,,
,,Switchgrass rhizosphere,,
,,Switchgrass rhizosphere,,
,,Switchgrass rhizosphere,,
,,,,
,,,,
,,,,
,,,,
,,,,
,,,,
,,,,
,,,,
,,,,
,,,,
,,,,
,,,,
,,,,
,,,,
,,,,
,,,,
,,,,
,,,,
,,,,
,,,,
,,,,
,,,,
,,,,
,,,,
,,,,
,,,,
,,,,
,,,,
,,,,
,,,,
,,,,
,,,,
,,,,
,,,,
,,,,
,,,,
,,,,
,,,,
,,,,
,,,,
,,,,
,,,,
,,,,
,,,,
,,,,
,,,,
,,,,
,,,,
,,,,
,,,,
,,,,
,,,,
,,,,
,,,,
,,,,
,,,,
,,,,
,,,,
,,,,
,,,,
,,,,
,,,,
,,,,
,,,,
,,,,
,,,,
,,,,
,,,,
,,,,
,,,,
,,,,
,,,,
,,,,
,,,,
,,,,
,,,,
,,,,
,,,,
,,,,
,,,,
,,,,
,,,,
,,,,
,,,,
,,,,
,,,,
,,,,
,,,,
,,,,
,,,,
,,,,
,,,,
,,,,
,,,,
,,,,
,,,,
,,,,
,,,,
,,,,
,,,,
,,,,
,,,,
,,,,
,,,,
,,,,
,,,,
,,,,
,,,,
,,,,
,,,,
,,,,
,,,,
,,,,
,,,,
,,,,
,,,,
,,,,
,,,,
,,,,
,,,,
,,,,
,,,,
,,,,
,,,,
,,,,
,,,,
,,,,
,,,,
,,,,
,,,,
,,,,
,,,,
,,,,
,,,,
,,,,
,,,,
,,,,
,,,,
,,,,
,,,,
,,,,
,,,,
,,,,
,,,,
,,,,
,,,,
,,,,
,,,,
,,,,
,,,,
,,,,
,,,,
,,,,
,,,,
,,,,
,,,,
,,,,
,,,,
,,,,
,,,,
,,,,
,,,,
,,,,
,,,,
,,,,
,,,,
,,,,
,,,,
,,,,
,,,,
,,,,
,,,,
,,,,
,,,,
,,,,
,,,,
,,,,
,,,,
,,,,
,,,,
,,,,
,,,,
,,,,
,,,,
,,,,
,,,,
,,,,
,,,,
,,,,
,,,,
,,,,
,,,,
,,,,
,,,,
,,,,
,,,,
,,,,
,,,,
,,,,
,,,,
,,,,
,,,,
,,,,
,,,,
,,,,
,,,,
,,,,
,,,,
,,,,
,,,,
,,,,
,,,,
,,,,
,,,,
,,,,
,,,,
,,,,
,,,,
,,,,
,,,,
,,,,
,,,,
,,,,
,,,,
,,,,
,,,,
,,,,
,,,,
,,,,
,,,,
,,,,
,,,,
,,,,
,,,,
,,,,
,,,,
,,,,
,,,,
,,,,
,,,,
,,,,
,,,,
,,,,
,,,,
,,,,
,,,,
,,,,
,,,,
,,,,
,,,,
,,,,
,,,,
,,,,
,,,,
,,,,
,,,,
,,,,
,,,,
,,,,
,,,,
,,,,
,,,,
,,,,
,,,,
,,,,
,,,,
,,,,
,,,,
,,,,
,,,,
,,,,
,,,,
,,,,
,,,,
,,,,
,,,,
,,,,
,,,,
,,,,
,,,,
,,,,
,,,,
,,,,
,,,,
,,,,
,,,,
,,,,
,,,,
,,,,
,,,,
,,,,
,,,,
,,,,
,,,,
,,,,
,,,,
,,,,
,,,,
,,,,
,,,,
,,,,
,,,,
,,,,
,,,,
,,,,
,,,,
,,,,
,,,,
,,,,
,,,,
,,,,
,,,,
,,,,
,,,,
,,,,
,,,,
,,,,
,,,,
,,,,
,,,,
,,,,
,,,,
,,,,
,,,,
,,,,
,,,,
,,,,
,,,,
,,,,
,,,,
,,,,
,,,,
,,,,
,,,,
,,,,
,,,,
,,,,
,,,,
,,,,
,,,,
,,,,
,,,,
,,,,
,,,,
,,,,
,,,,
,,,,
,,,,
,,,,
,,,,
,,,,
,,,,
,,,,
,,,,
,,,,
,,,,
,,,,
,,,,
,,,,
,,,,
,,,,
,,,,
,,,,
,,,,
,,,,
,,,,
,,,,
,,,,
,,,,
,,,,
,,,,
,,,,
,,,,
,,,,
,,,,
,,,,
,,,,
,,,,
,,,,
,,,,
,,,,
,,,,
,,,,
,,,,
,,,,
,,,,
,,,,
,,,,
,,,,
,,,,
,,,,
,,,,
,,,,
,,,,
,,,,
,,,,
,,,,
,,,,
,,,,
,,,,
,,,,
,,,,
,,,,
,,,,
,,,,
,,,,
,,,,
,,,,
,,,,
,,,,
,,,,
,,,,
,,,,
,,,,
,,,,
,,,,
,,,,
,,,,
,,,,
,,,,
,,,,
,,,,
,,,,
,,,,
,,,,
,,,,
,,,,
,,,,
,,,,
,,,,
,,,,
,,,,
,,,,
,,,,
,,,,
,,,,
,,,,
,,,,
,,,,
,,,,
,,,,
,,,,
,,,,
,,,,
,,,,
,,,,
,,,,
,,,,
,,,,
,,,,
,,,,
,,,,
,,,,
,,,,
,,,,
,,,,
,,,,
,,,,
,,,,
,,,,
,,,,
,,,,
,,,,
,,,,
,,,,
,,,,
,,,,
,,,,
,,,,
,,,,
,,,,
,,,,
,,,,
,,,,
,,,,
,,,,
,,,,
,,,,
,,,,
,,,,
,,,,
,,,,
,,,,
,,,,
,,,,
,,,,
,,,,
,,,,
,,,,
,,,,
,,,,
,,,,
,,,,
,,,,
,,,,
,,,,
,,,,
,,,,
,,,,
,,,,
,,,,
,,,,
,,,,
,,,,
,,,,
,,,,
,,,,
,,,,
,,,,
,,,,
,,,,
,,,,
,,,,
,,,,
,,,,
,,,,
,,,,
,,,,
,,,,
,,,,
,,,,
,,,,
,,,,
,,,,
,,,,
,,,,
,,,,
,,,,
,,,,
,,,,
,,,,
,,,,
,,,,
,,,,
,,,,
,,,,
,,,,
,,,,
,,,,
,,,,
,,,,
,,,,
,,,,
,,,,
,,,,
,,,,
,,,,
,,,,
,,,,
,,,,
,,,,
,,,,
,,,,
,,,,
,,,,
,,,,
,,,,
,,,,
,,,,
,,,,
,,,,
,,,,
,,,,
,,,,
,,,,
,,,,
,,,,
,,,,
,,,,
,,,,
,,,,
,,,,
,,,,
,,,,
,,,,
,,,,
,,,,
,,,,
,,,,
,,,,
,,,,
,,,,
,,,,
,,,,
,,,,
,,,,
,,,,
,,,,
,,,,
,,,,
,,,,
,,,,
,,,,
,,,,
,,,,
,,,,
,,,,
,,,,
,,,,
,,,,
,,,,
,,,,
,,,,
,,,,
,,,,
,,,,
,,,,
,,,,
,,,,
,,,,
,,,,
,,,,
,,,,
,,,,
,,,,
,,,,
,,,,
,,,,
,,,,
,,,,
,,,,
,,,,
,,,,
,,,,
,,,,
,,,,
,,,,
,,,,
,,,,
,,,,
,,,,
,,,,
,,,,
,,,,
,,,,
,,,,
,,,,
,,,,
,,,,
,,,,
,,,,
,,,,
,,,,
,,,,
,,,,
,,,,
,,,,
,,,,
,,,,
,,,,
,,,,
,,,,
,,,,
,,,,
,,,,
,,,,
,,,,
,,,,
,,,,
,,,,
,,,,
,,,,
,,,,
,,,,
,,,,
,,,,
,,,,
,,,,
,,,,
,,,,
,,,,
,,,,
,,,,
,,,,
,,,,
,,,,
,,,,
,,,,
,,,,
,,,,
,,,,
,,,,
,,,,
,,,,
,,,,
,,,,
,,,,
,,,,
,,,,
,,,,
,,,,
,,,,
,,,,
,,,,
,,,,
,,,,
,,,,
,,,,
,,,,
,,,,
,,,,
,,,,
,,,,
,,,,
,,,,
,,,,
,,,,
,,,,
,,,,
,,,,
,,,,
,,,,
,,,,
,,,,
,,,,
,,,,
,,,,
,,,,
,,,,
,,,,
,,,,
,,,,
,,,,
,,,,
,,,,
,,,,
,,,,
,,,,
,,,,
,,,,
,,,,
,,,,
,,,,
,,,,
,,,,
,,,,
,,,,
,,,,
,,,,
,,,,
,,,,
,,,,
,,,,
,,,,
,,,,
,,,,
,,,,
,,,,
,,,,
,,,,
,,,,
,,,,
,,,,
,,,,
,,,,
,,,,
,,,,
,,,,
,,,,
,,,,
,,,,
,,,,
,,,,
,,,,
,,,,
,,,,
,,,,
,,,,
,,,,
,,,,
,,,,
,,,,
,,,,
,,,,
,,,,
,,,,
,,,,
,,,,
,,,,
,,,,
,,,,
,,,,
,,,,
,,,,
,,,,
,,,,
,,,,
,,,,
,,,,
,,,,
,,,,
,,,,
,,,,
,,,,
,,,,
,,,,
,,,,
,,,,
,,,,
,,,,
,,,,
,,,,
,,,,
,,,,
,,,,
,,,,
,,,,
,,,,
,,,,
,,,,
,,,,
,,,,
,,,,
,,,,
,,,,
,,,,
,,,,
,,,,
,,,,
,,,,
,,,,
,,,,
,,,,
,,,,
,,,,
,,,,
,,,,
,,,,
,,,,
,,,,
,,,,
,,,,
,,,,
,,,,
,,,,
,,,,
,,,,
,,,,
,,,,
,,,,
,,,,
,,,,
,,,,
,,,,
,,,,
,,,,
,,,,
,,,,
,,,,
,,,,
,,,,
,,,,
,,,,
,,,,
,,,,
,,,,
,,,,
,,,,
,,,,
,,,,
,,,,
,,,,
,,,,
,,,,
,,,,
,,,,
,,,,
,,,,
,,,,
,,,,
,,,,
,,,,
,,,,
,,,,
,,,,
,,,,
,,,,
,,,,
,,,,
,,,,
,,,,
,,,,
,,,,
,,,,
,,,,
,,,,
,,,,
,,,,
,,,,
,,,,
,,,,
,,,,
,,,,
,,,,
,,,,
,,,,
,,,,
,,,,
,,,,
,,,,
,,,,
,,,,
,,,,
,,,,
,,,,
,,,,
,,,,
,,,,
,,,,
,,,,
,,,,
,,,,
,,,,
,,,,
,,,,
,,,,
,,,,
,,,,
,,,,
,,,,
,,,,
,,,,
,,,,
,,,,
,,,,
,,,,
,,,,
,,,,
,,,,
,,,,
,,,,
,,,,
,,,,
,,,,
,,,,
,,,,
,,,,
,,,,
,,,,
,,,,
,,,,
,,,,
,,,,
,,,,
,,,,
,,,,
,,,,
,,,,
,,,,
,,,,
,,,,
,,,,
,,,,
,,,,
,,,,
,,,,
,,,,
,,,,
,,,,
,,,,
,,,,
,,,,
,,,,
,,,,
,,,,
,,,,
,,,,
,,,,
,,,,
,,,,
,,,,
,,,,
,,,,
,,,,
,,,,
,,,,
,,,,
,,,,
,,,,
,,,,
,,,,
,,,,
,,,,
,,,,
,,,,
,,,,
,,,,
,,,,
,,,,
,,,,
,,,,
,,,,
,,,,
,,,,
,,,,
,,,,
,,,,
,,,,
,,,,
,,,,
,,,,
,,,,
,,,,
,,,,
,,,,
,,,,
,,,,
,,,,
,,,,
,,,,
,,,,
,,,,
,,,,
,,,,
,,,,
,,,,
,,,,
,,,,
,,,,
,,,,
,,,,
,,,,
,,,,
,,,,
,,,,
,,,,
,,,,
,,,,
,,,,
,,,,
,,,,
,,,,
,,,,
,,,,
,,,,
,,,,
,,,,
,,,,
,,,,
,,,,
,,,,
,,,,
,,,,
,,,,
,,,,
,,,,
,,,,
,,,,
,,,,
,,,,
,,,,
,,,,
,,,,
,,,,
,,,,
,,,,
,,,,
,,,,
,,,,
,,,,
,,,,
,,,,
,,,,
,,,,
,,,,
,,,,
,,,,
,,,,
,,,,
,,,,
,,,,
,,,,
,,,,
,,,,
,,,,
,,,,
,,,,
,,,,
,,,,
,,,,
,,,,
,,,,
,,,,
,,,,
,,,,
,,,,
,,,,
,,,,
,,,,
,,,,
,,,,
,,,,
,,,,
,,,,
,,,,
,,,,
,,,,
,,,,
,,,,
,,,,
,,,,
,,,,
,,,,
,,,,
,,,,
,,,,
,,,,
,,,,
,,,,
,,,,
,,,,
,,,,
,,,,
,,,,
,,,,
,,,,
,,,,
,,,,
,,,,
,,,,
,,,,
,,,,
,,,,
,,,,
,,,,
,,,,
,,,,
,,,,
,,,,
,,,,
,,,,
,,,,
,,,,
,,,,
,,,,
,,,,
,,,,
,,,,
,,,,
,,,,
,,,,
,,,,
,,,,
,,,,
,,,,
,,,,
,,,,
,,,,
,,,,
,,,,
,,,,
,,,,
,,,,
,,,,
,,,,
,,,,
,,,,
,,,,
,,,,
,,,,
,,,,
,,,,
,,,,
,,,,
,,,,
,,,,
,,,,
,,,,
,,,,
,,,,
,,,,
,,,,
,,,,
,,,,
,,,,
,,,,
,,,,
,,,,
,,,,
,,,,
,,,,
,,,,
,,,,
,,,,
,,,,
,,,,
,,,,
,,,,
,,,,
,,,,
,,,,
,,,,
,,,,
,,,,
,,,,
,,,,
,,,,
,,,,
,,,,
,,,,
,,,,
,,,,
,,,,
,,,,
,,,,
,,,,
,,,,
,,,,
,,,,
,,,,
,,,,
,,,,
,,,,
,,,,
,,,,
,,,,
,,,,
,,,,
,,,,
,,,,
,,,,
,,,,
,,,,
,,,,
,,,,
,,,,
,,,,
,,,,
,,,,
,,,,
,,,,
,,,,
,,,,
,,,,
,,,,
,,,,
,,,,
,,,,
,,,,
,,,,
,,,,
,,,,
,,,,
,,,,
,,,,
,,,,
,,,,
,,,,
,,,,
,,,,
,,,,
,,,,
,,,,
,,,,
,,,,
,,,,
,,,,
,,,,
,,,,
,,,,
,,,,
,,,,
,,,,
,,,,
,,,,
,,,,
,,,,
