ER_335,Real Isolate ID,Project,Freezer Location,Shelf Number,Box Name,No. glycerol stocks,SILVA classification,Isolation Conditions,Source,Date Isolated,Isolated by; PI,Genome Sequence
1,MBR-5,LDRD- Produced Water Reuse,So-Low Freezer (070A-2235),2.0,MBR + PW Isolates,2.0,Constrictibacter,"Marine Agar, 30 C","MBR sludge -Day 118, TDS 29g/L",2019-09-20,Shwetha Acharya; Romy C./Susannah T.,
2,MBR-6,,So-Low Freezer (070A-2235),2.0,MBR + PW Isolates,2.0,Roseovarius,"Marine Agar, 30 C","MBR sludge -Day 118, TDS 29g/L",2019-09-20,Shwetha Acharya; Romy C./Susannah T.,
3,MBR-8,LDRD- Produced Water Reuse,So-Low Freezer (070A-2235),2.0,MBR + PW Isolates,2.0,Marinobacter,"Marine Agar, 30 C","MBR sludge -Day 118, TDS 29g/L",2019-09-20,Shwetha Acharya; Romy C./Susannah T.,
4,MBR-9,LDRD- Produced Water Reuse,So-Low Freezer (070A-2235),2.0,MBR + PW Isolates,2.0,Marinobacter,"Marine Agar, 30 C","MBR sludge -Day 118, TDS 29g/L",2019-09-20,Shwetha Acharya; Romy C./Susannah T.,
5,MBR-10,LDRD- Produced Water Reuse,So-Low Freezer (070A-2235),2.0,MBR + PW Isolates,2.0,Marinobacter,"Marine Agar, 30 C","MBR sludge -Day 118, TDS 29g/L",2019-09-20,Shwetha Acharya; Romy C./Susannah T.,
6,MBR-11,LDRD- Produced Water Reuse,So-Low Freezer (070A-2235),2.0,MBR + PW Isolates,2.0,Marinobacter,"Marine Agar, 30 C","MBR sludge -Day 118, TDS 29g/L",2019-09-20,Shwetha Acharya; Romy C./Susannah T.,
7,MBR-12,LDRD- Produced Water Reuse,So-Low Freezer (070A-2235),2.0,MBR + PW Isolates,2.0,Paraliobacillus,"Marine Agar, 30 C","MBR sludge -Day 118, TDS 29g/L",2019-09-20,Shwetha Acharya; Romy C./Susannah T.,
8,MBR-13,LDRD- Produced Water Reuse,So-Low Freezer (070A-2235),2.0,MBR + PW Isolates,2.0,Iodidimonas,"Marine Agar, 30 C","MBR sludge -Day 118, TDS 29g/L",2019-09-20,Shwetha Acharya; Romy C./Susannah T.,
9,MBR-14,LDRD- Produced Water Reuse,So-Low Freezer (070A-2235),2.0,MBR + PW Isolates,5.0,Iodidimonas,"Marine Agar, 30 C","MBR sludge -Day 118, TDS 29g/L",2019-09-20,Shwetha Acharya; Romy C./Susannah T.,
10,MBR-15,LDRD- Produced Water Reuse,So-Low Freezer (070A-2235),2.0,MBR + PW Isolates,2.0,Pseudoalteromonas,"Marine Agar, 30 C","MBR sludge -Day 118, TDS 29g/L",2019-09-20,Shwetha Acharya; Romy C./Susannah T.,
11,MBR-16,LDRD- Produced Water Reuse,So-Low Freezer (070A-2235),2.0,MBR + PW Isolates,2.0,Roseovarius,"Marine Agar, 30 C","MBR sludge -Day 118, TDS 29g/L",2019-09-20,Shwetha Acharya; Romy C./Susannah T.,
12,MBR-17,LDRD- Produced Water Reuse,So-Low Freezer (070A-2235),2.0,MBR + PW Isolates,2.0,Iodidimonas,"Marine Agar, 30 C","MBR sludge -Day 118, TDS 29g/L",2019-09-20,Shwetha Acharya; Romy C./Susannah T.,
13,MBR-18,LDRD- Produced Water Reuse,So-Low Freezer (070A-2235),2.0,MBR Isolates + Glycerol,2.0,Bacillus,"Marine Agar, 30 C","MBR sludge -Day 184, TDS 50g/L",2019-11-06,Shwetha Acharya; Romy C./Susannah T.,
14,MBR-20,LDRD- Produced Water Reuse,So-Low Freezer (070A-2235),2.0,MBR Isolates + Glycerol,2.0,Marinobacter,"Marine Agar, 30 C","MBR sludge -Day 184, TDS 50g/L",2019-11-06,Shwetha Acharya; Romy C./Susannah T.,
15,MBR-21,LDRD- Produced Water Reuse,So-Low Freezer (070A-2235),2.0,MBR Isolates + Glycerol,2.0,Marinobacter,"Marine Agar, 30 C","MBR sludge -Day 184, TDS 50g/L",2019-11-06,Shwetha Acharya; Romy C./Susannah T.,
16,MBR-22,LDRD- Produced Water Reuse,So-Low Freezer (070A-2235),2.0,MBR Isolates + Glycerol,2.0,Iodidimonas,"Marine Agar, 30 C","MBR sludge -Day 184, TDS 50g/L",2019-11-06,Shwetha Acharya; Romy C./Susannah T.,
17,MBR-24,LDRD- Produced Water Reuse,So-Low Freezer (070A-2235),2.0,MBR Isolates + Glycerol,2.0,Labrenzia,"Marine Agar, 30 C","MBR sludge -Day 184, TDS 50g/L",2019-11-06,Shwetha Acharya; Romy C./Susannah T.,
18,MBR-25,LDRD- Produced Water Reuse,So-Low Freezer (070A-2235),2.0,MBR Isolates + Glycerol,2.0,Labrenzia,"Marine Agar, 30 C","MBR sludge -Day 184, TDS 50g/L",2019-11-06,Shwetha Acharya; Romy C./Susannah T.,
19,MBR-27,LDRD- Produced Water Reuse,So-Low Freezer (070A-2235),2.0,MBR Isolates + Glycerol,2.0,Porphyrobacter,"Marine Agar, 30 C","MBR sludge -Day 184, TDS 50g/L",2019-11-06,Shwetha Acharya; Romy C./Susannah T.,
20,MBR-33,LDRD- Produced Water Reuse,So-Low Freezer (070A-2235),2.0,MBR Isolates + Glycerol,2.0,Bacillus,"Marine Agar + 2.5% NaCl, 30 C","MBR sludge -Day 206, TDS 60g/L",2019-12-09,Shwetha Acharya; Romy C./Susannah T.,
21,MBR-34,LDRD- Produced Water Reuse,So-Low Freezer (070A-2235),2.0,MBR Isolates + Glycerol,2.0,Marinobacter,"Marine Agar + 2.5% NaCl, 30 C","MBR sludge -Day 206, TDS 60g/L",2019-12-09,Shwetha Acharya; Romy C./Susannah T.,
22,MBR-35,LDRD- Produced Water Reuse,So-Low Freezer (070A-2235),2.0,MBR Isolates + Glycerol,2.0,Marinobacter,"Marine Agar + 2.5% NaCl, 30 C","MBR sludge -Day 206, TDS 60g/L",2019-12-09,Shwetha Acharya; Romy C./Susannah T.,
23,MBR-36,LDRD- Produced Water Reuse,So-Low Freezer (070A-2235),2.0,MBR Isolates + Glycerol,2.0,Labrenzia,"Marine Agar + 2.5% NaCl, 30 C","MBR sludge -Day 206, TDS 60g/L",2019-12-09,Shwetha Acharya; Romy C./Susannah T.,
24,MBR-38,LDRD- Produced Water Reuse,So-Low Freezer (070A-2235),2.0,MBR Isolates + Glycerol,2.0,Roseovarius,"Marine Agar + 2.5% NaCl, 30 C","MBR sludge -Day 206, TDS 60g/L",2019-12-09,Shwetha Acharya; Romy C./Susannah T.,
25,MBR-41,LDRD- Produced Water Reuse,So-Low Freezer (070A-2235),2.0,MBR Isolates + Glycerol,2.0,Iodidimonas,"Marine Agar + 2.5% NaCl, 30 C","MBR sludge -Day 206, TDS 60g/L",2019-12-09,Shwetha Acharya; Romy C./Susannah T.,
26,MBR-43,LDRD- Produced Water Reuse,So-Low Freezer (070A-2235),2.0,MBR Isolates + Glycerol,2.0,Roseovarius,"Marine Agar + 2.5% NaCl, 30 C","MBR sludge -Day 206, TDS 60g/L",2019-12-09,Shwetha Acharya; Romy C./Susannah T.,
27,MBR-45,LDRD- Produced Water Reuse,So-Low Freezer (070A-2235),2.0,PW LDRD-MBR Isolates 42-77 Glycerol Stock,2.0,Bacillus,"Marine Agar + 2.5% NaCl, 30 C","MBR sludge -Day 206, TDS 60g/L",2019-12-09,Shwetha Acharya; Romy C./Susannah T.,
28,MBR-46,LDRD- Produced Water Reuse,So-Low Freezer (070A-2235),2.0,PW LDRD-MBR Isolates 42-77 Glycerol Stock,2.0,Bacillus,"Marine Agar + 2.5% NaCl, 30 C","MBR sludge -Day 206, TDS 60g/L",2019-12-09,Shwetha Acharya; Romy C./Susannah T.,
29,MBR-47,LDRD- Produced Water Reuse,So-Low Freezer (070A-2235),2.0,PW LDRD-MBR Isolates 42-77 Glycerol Stock,2.0,Bacillus,"Marine Agar + 2.5% NaCl, 30 C","MBR sludge -Day 206, TDS 60g/L",2019-12-09,Shwetha Acharya; Romy C./Susannah T.,
30,MBR-48,LDRD- Produced Water Reuse,So-Low Freezer (070A-2235),2.0,PW LDRD-MBR Isolates 42-77 Glycerol Stock,2.0,Bacillus,"Marine Agar + 2.5% NaCl, 30 C","MBR sludge -Day 206, TDS 60g/L",2019-12-09,Shwetha Acharya; Romy C./Susannah T.,
31,MBR-49,LDRD- Produced Water Reuse,So-Low Freezer (070A-2235),2.0,PW LDRD-MBR Isolates 42-77 Glycerol Stock,2.0,Porphyrobacter,"Marine Agar + 2.5% NaCl, 30 C","MBR sludge -Day 250, TDS 80g/L",2020-01-26,Shwetha Acharya; Romy C./Susannah T.,
32,MBR-50,LDRD- Produced Water Reuse,So-Low Freezer (070A-2235),2.0,PW LDRD-MBR Isolates 42-77 Glycerol Stock,2.0,Labrenzia,"Marine Agar + 2.5% NaCl, 30 C","MBR sludge -Day 250, TDS 80g/L",2020-01-26,Shwetha Acharya; Romy C./Susannah T.,
33,MBR-51,LDRD- Produced Water Reuse,So-Low Freezer (070A-2235),2.0,PW LDRD-MBR Isolates 42-77 Glycerol Stock,2.0,Roseovarius,"Marine Agar + 2.5% NaCl, 30 C","MBR sludge -Day 250, TDS 80g/L",2020-01-26,Shwetha Acharya; Romy C./Susannah T.,
34,MBR-53,LDRD- Produced Water Reuse,So-Low Freezer (070A-2235),2.0,PW LDRD-MBR Isolates 42-77 Glycerol Stock,2.0,Marinobacter,"Marine Agar + 2.5% NaCl, 30 C","MBR sludge -Day 250, TDS 80g/L",2020-01-26,Shwetha Acharya; Romy C./Susannah T.,
35,MBR-54,LDRD- Produced Water Reuse,So-Low Freezer (070A-2235),2.0,PW LDRD-MBR Isolates 42-77 Glycerol Stock,2.0,Marinobacter,"Marine Agar + 2.5% NaCl, 30 C","MBR sludge -Day 250, TDS 80g/L",2020-01-26,Shwetha Acharya; Romy C./Susannah T.,
36,MBR-55,LDRD- Produced Water Reuse,So-Low Freezer (070A-2235),2.0,PW LDRD-MBR Isolates 42-77 Glycerol Stock,2.0,Iodidimonas,"Marine Agar + 2.5% NaCl, 30 C","MBR sludge -Day 250, TDS 80g/L",2020-01-26,Shwetha Acharya; Romy C./Susannah T.,
37,MBR-56,LDRD- Produced Water Reuse,So-Low Freezer (070A-2235),2.0,PW LDRD-MBR Isolates 42-77 Glycerol Stock,2.0,Marinobacter,"Marine Agar + 2.5% NaCl, 30 C","MBR sludge -Day 250, TDS 80g/L",2020-01-26,Shwetha Acharya; Romy C./Susannah T.,
38,MBR-58,LDRD- Produced Water Reuse,So-Low Freezer (070A-2235),2.0,PW LDRD-MBR Isolates 42-77 Glycerol Stock,2.0,Thallasospira,"Marine Agar + 2.5% NaCl, 30 C","MBR sludge -Day 250, TDS 80g/L",2020-01-26,Shwetha Acharya; Romy C./Susannah T.,
39,MBR-59,LDRD- Produced Water Reuse,So-Low Freezer (070A-2235),2.0,PW LDRD-MBR Isolates 42-77 Glycerol Stock,2.0,Roseovarius,"Marine Agar + 2.5% NaCl, 30 C","MBR sludge -Day 250, TDS 80g/L",2020-01-26,Shwetha Acharya; Romy C./Susannah T.,
40,MBR-61,LDRD- Produced Water Reuse,So-Low Freezer (070A-2235),2.0,PW LDRD-MBR Isolates 42-77 Glycerol Stock,2.0,Roseovarius,"Marine Agar + 2.5% NaCl, 30 C","MBR sludge -Day 250, TDS 80g/L",2020-01-26,Shwetha Acharya; Romy C./Susannah T.,
41,MBR-62,LDRD- Produced Water Reuse,So-Low Freezer (070A-2235),2.0,PW LDRD-MBR Isolates 42-77 Glycerol Stock,2.0,Marinobacter,"Marine Agar + 2.5% NaCl, 30 C","MBR sludge -Day 250, TDS 80g/L",2020-01-26,Shwetha Acharya; Romy C./Susannah T.,
42,MBR-63,LDRD- Produced Water Reuse,So-Low Freezer (070A-2235),2.0,PW LDRD-MBR Isolates 42-77 Glycerol Stock,2.0,Marinobacter,"Marine Agar + 2.5% NaCl, 30 C","MBR sludge -Day 250, TDS 80g/L",2020-01-26,Shwetha Acharya; Romy C./Susannah T.,
43,MBR-64,LDRD- Produced Water Reuse,So-Low Freezer (070A-2235),2.0,PW LDRD-MBR Isolates 42-77 Glycerol Stock,2.0,Rhodobacteraceae,"Marine Agar + 2.5% NaCl, 30 C","MBR sludge -Day 250, TDS 80g/L",2020-01-26,Shwetha Acharya; Romy C./Susannah T.,
44,MBR-65,LDRD- Produced Water Reuse,So-Low Freezer (070A-2235),2.0,PW LDRD-MBR Isolates 42-77 Glycerol Stock,2.0,Rhodobacteraceae,"Marine Agar + 2.5% NaCl, 30 C","MBR sludge -Day 250, TDS 80g/L",2020-01-26,Shwetha Acharya; Romy C./Susannah T.,
45,MBR-66,LDRD- Produced Water Reuse,So-Low Freezer (070A-2235),2.0,PW LDRD-MBR Isolates 42-77 Glycerol Stock,2.0,Rhodobacteraceae,"Marine Agar + 2.5% NaCl, 30 C","MBR sludge -Day 250, TDS 80g/L",2020-01-26,Shwetha Acharya; Romy C./Susannah T.,
46,MBR-68,LDRD- Produced Water Reuse,So-Low Freezer (070A-2235),2.0,PW LDRD-MBR Isolates 42-77 Glycerol Stock,2.0,Marinobacter,"Marine Agar + 2.5% NaCl, 30 C","MBR sludge -Day 250, TDS 80g/L",2020-01-26,Shwetha Acharya; Romy C./Susannah T.,
47,MBR-69,LDRD- Produced Water Reuse,So-Low Freezer (070A-2235),2.0,PW LDRD-MBR Isolates 42-77 Glycerol Stock,2.0,Labrenzia,"Marine Agar + 2.5% NaCl, 30 C","MBR sludge -Day 250, TDS 80g/L",2020-01-26,Shwetha Acharya; Romy C./Susannah T.,
48,MBR-70,LDRD- Produced Water Reuse,So-Low Freezer (070A-2235),2.0,PW LDRD-MBR Isolates 42-77 Glycerol Stock,2.0,Marinobacter,"Marine Agar + 2.5% NaCl, 30 C","MBR sludge -Day 250, TDS 80g/L",2020-01-26,Shwetha Acharya; Romy C./Susannah T.,
49,MBR-71,LDRD- Produced Water Reuse,So-Low Freezer (070A-2235),2.0,PW LDRD-MBR Isolates 42-77 Glycerol Stock,2.0,Marinobacter,"Marine Agar + 2.5% NaCl, 30 C","MBR sludge -Day 250, TDS 80g/L",2020-01-26,Shwetha Acharya; Romy C./Susannah T.,
50,MBR-73,LDRD- Produced Water Reuse,So-Low Freezer (070A-2235),2.0,PW LDRD-MBR Isolates 42-77 Glycerol Stock,2.0,Roseovarius,"Marine Agar + 2.5% NaCl, 30 C","MBR sludge -Day 250, TDS 80g/L",2020-01-26,Shwetha Acharya; Romy C./Susannah T.,
51,MBR-74,LDRD- Produced Water Reuse,So-Low Freezer (070A-2235),2.0,PW LDRD-MBR Isolates 42-77 Glycerol Stock,2.0,Roseovarius,"Marine Agar + 2.5% NaCl, 30 C","MBR sludge -Day 250, TDS 80g/L",2020-01-26,Shwetha Acharya; Romy C./Susannah T.,
52,MBR-78,LDRD- Produced Water Reuse,So-Low Freezer (070A-2235),2.0,PW LDRD Isolates Glycerol Stock MBR from 78-107,2.0,Roseovarius,"Marine Agar + 5% NaCl, 30 C","MBR sludge -Day 291, TDS 90g/L",2020-03-16,Shwetha Acharya; Romy C./Susannah T.,
53,MBR-79,LDRD- Produced Water Reuse,So-Low Freezer (070A-2235),2.0,PW LDRD Isolates Glycerol Stock MBR from 78-108,2.0,Roseovarius,"Marine Agar + 5% NaCl, 30 C","MBR sludge -Day 291, TDS 90g/L",2020-03-16,Shwetha Acharya; Romy C./Susannah T.,
54,MBR-81,LDRD- Produced Water Reuse,So-Low Freezer (070A-2235),2.0,PW LDRD Isolates Glycerol Stock MBR from 78-109,2.0,Roseovarius,"Marine Agar + 5% NaCl, 30 C","MBR sludge -Day 291, TDS 90g/L",2020-03-16,Shwetha Acharya; Romy C./Susannah T.,
55,MBR-82,LDRD- Produced Water Reuse,So-Low Freezer (070A-2235),2.0,PW LDRD Isolates Glycerol Stock MBR from 78-110,2.0,Rhodobacteraceae,"Marine Agar + 5% NaCl, 30 C","MBR sludge -Day 291, TDS 90g/L",2020-03-16,Shwetha Acharya; Romy C./Susannah T.,
56,MBR-84,LDRD- Produced Water Reuse,So-Low Freezer (070A-2235),2.0,PW LDRD Isolates Glycerol Stock MBR from 78-111,2.0,Rhodobacteraceae,"Marine Agar + 5% NaCl, 30 C","MBR sludge -Day 291, TDS 90g/L",2020-03-16,Shwetha Acharya; Romy C./Susannah T.,
57,MBR-89,LDRD- Produced Water Reuse,So-Low Freezer (070A-2235),2.0,PW LDRD Isolates Glycerol Stock MBR from 78-112,2.0,Marinobacter,"Marine Agar + 5% NaCl, 30 C","MBR sludge -Day 291, TDS 90g/L",2020-03-16,Shwetha Acharya; Romy C./Susannah T.,
58,MBR-90,LDRD- Produced Water Reuse,So-Low Freezer (070A-2235),2.0,PW LDRD Isolates Glycerol Stock MBR from 78-113,2.0,Marinobacter,"Marine Agar + 5% NaCl, 30 C","MBR sludge -Day 291, TDS 90g/L",2020-03-16,Shwetha Acharya; Romy C./Susannah T.,
59,MBR-91,LDRD- Produced Water Reuse,So-Low Freezer (070A-2235),2.0,PW LDRD Isolates Glycerol Stock MBR from 78-114,2.0,Marinobacter,"Marine Agar + 5% NaCl, 30 C","MBR sludge -Day 291, TDS 90g/L",2020-03-16,Shwetha Acharya; Romy C./Susannah T.,
60,MBR-92,LDRD- Produced Water Reuse,So-Low Freezer (070A-2235),2.0,PW LDRD Isolates Glycerol Stock MBR from 78-115,2.0,Marinobacter,"Marine Agar + 5% NaCl, 30 C","MBR sludge -Day 291, TDS 90g/L",2020-03-16,Shwetha Acharya; Romy C./Susannah T.,
61,MBR-93,LDRD- Produced Water Reuse,So-Low Freezer (070A-2235),2.0,PW LDRD Isolates Glycerol Stock MBR from 78-116,2.0,Marinobacter,"Marine Agar + 5% NaCl, 30 C","MBR sludge -Day 291, TDS 90g/L",2020-03-16,Shwetha Acharya; Romy C./Susannah T.,
62,MBR-94,LDRD- Produced Water Reuse,So-Low Freezer (070A-2235),2.0,PW LDRD Isolates Glycerol Stock MBR from 78-117,2.0,Marinobacter,"Marine Agar + 5% NaCl, 30 C","MBR sludge -Day 291, TDS 90g/L",2020-03-16,Shwetha Acharya; Romy C./Susannah T.,
63,MBR-95,LDRD- Produced Water Reuse,So-Low Freezer (070A-2235),2.0,PW LDRD Isolates Glycerol Stock MBR from 78-118,2.0,Marinobacter,"Marine Agar + 5% NaCl, 30 C","MBR sludge -Day 291, TDS 90g/L",2020-03-16,Shwetha Acharya; Romy C./Susannah T.,
64,MBR-99,LDRD- Produced Water Reuse,So-Low Freezer (070A-2235),2.0,PW LDRD Isolates Glycerol Stock MBR from 78-119,2.0,Marinobacter,"Marine Agar + 5% NaCl, 30 C","MBR sludge -Day 291, TDS 90g/L",2020-03-16,Shwetha Acharya; Romy C./Susannah T.,
65,MBR-100,LDRD- Produced Water Reuse,So-Low Freezer (070A-2235),2.0,PW LDRD Isolates Glycerol Stock MBR from 78-120,2.0,Marinobacter,"Marine Agar + 5% NaCl, 30 C","MBR sludge -Day 291, TDS 90g/L",2020-03-16,Shwetha Acharya; Romy C./Susannah T.,
66,MBR-102,LDRD- Produced Water Reuse,So-Low Freezer (070A-2235),2.0,PW LDRD Isolates Glycerol Stock MBR from 78-121,2.0,Thallospira,"Marine Agar + 5% NaCl, 30 C","MBR sludge -Day 291, TDS 90g/L",2020-03-16,Shwetha Acharya; Romy C./Susannah T.,
67,MBR-103,LDRD- Produced Water Reuse,So-Low Freezer (070A-2235),2.0,PW LDRD Isolates Glycerol Stock MBR from 78-122,2.0,Marinobacter,"Marine Agar + 5% NaCl, 30 C","MBR sludge -Day 291, TDS 90g/L",2020-03-16,Shwetha Acharya; Romy C./Susannah T.,
68,MBR-104,LDRD- Produced Water Reuse,So-Low Freezer (070A-2235),2.0,PW LDRD Isolates Glycerol Stock MBR from 78-123,2.0,Marinobacter,"Marine Agar + 5% NaCl, 30 C","MBR sludge -Day 291, TDS 90g/L",2020-03-16,Shwetha Acharya; Romy C./Susannah T.,
69,MBR-105,LDRD- Produced Water Reuse,So-Low Freezer (070A-2235),2.0,PW LDRD Isolates Glycerol Stock MBR from 78-124,2.0,Marinobacter,"Marine Agar + 5% NaCl, 30 C","MBR sludge -Day 291, TDS 90g/L",2020-03-16,Shwetha Acharya; Romy C./Susannah T.,
70,MBR-106,LDRD- Produced Water Reuse,So-Low Freezer (070A-2235),2.0,PW LDRD Isolates Glycerol Stock MBR from 78-125,2.0,Marinobacter,"Marine Agar + 5% NaCl, 30 C","MBR sludge -Day 291, TDS 90g/L",2020-03-16,Shwetha Acharya; Romy C./Susannah T.,
71,MBR-107,LDRD- Produced Water Reuse,So-Low Freezer (070A-2235),2.0,PW LDRD Isolates Glycerol Stock MBR from 78-126,2.0,Marinobacter,"Marine Agar + 5% NaCl, 30 C","MBR sludge -Day 291, TDS 90g/L",2020-03-16,Shwetha Acharya; Romy C./Susannah T.,
72,MBR 108,LDRD- Produced Water Reuse,So-Low Freezer (070A-2235),2.0,PW LDRD Glycerol Stock of Isolates (M-108-116) (PWCA-1-6),2.0,Marinobacter,"Marine Agar + 5% NaCl, 30 C","MBR sludge -Day 291, TDS 90g/L",2020-03-16,Shwetha Acharya; Romy C./Susannah T.,
73,MBR 109,LDRD- Produced Water Reuse,So-Low Freezer (070A-2235),2.0,PW LDRD Glycerol Stock of Isolates (M-108-116) (PWCA-1-6),2.0,Marinobacterium,"Marine Agar + 5% NaCl, 30 C","MBR sludge -Day 291, TDS 90g/L",2020-03-16,Shwetha Acharya; Romy C./Susannah T.,
74,MBR 110,LDRD- Produced Water Reuse,So-Low Freezer (070A-2235),2.0,PW LDRD Glycerol Stock of Isolates (M-108-116) (PWCA-1-6),2.0,Marinobacter,"Marine Agar + 5% NaCl, 30 C","MBR sludge -Day 291, TDS 90g/L",2020-03-16,Shwetha Acharya; Romy C./Susannah T.,
75,MBR 111,LDRD- Produced Water Reuse,So-Low Freezer (070A-2235),2.0,PW LDRD Glycerol Stock of Isolates (M-108-116) (PWCA-1-6),2.0,Marinobacterium,"Marine Agar + 5% NaCl, 30 C","MBR sludge -Day 291, TDS 90g/L",2020-03-16,Shwetha Acharya; Romy C./Susannah T.,
76,MBR 113,LDRD- Produced Water Reuse,So-Low Freezer (070A-2235),2.0,PW LDRD Glycerol Stock of Isolates (M-108-116) (PWCA-1-6),2.0,Limibacillus,"Marine Agar + 2.5% NaCl, 30 C","MBR sludge -Day 206, TDS 60g/L",2020-03-16,Shwetha Acharya; Romy C./Susannah T.,
77,MBR 114,LDRD- Produced Water Reuse,So-Low Freezer (070A-2235),2.0,PW LDRD Glycerol Stock of Isolates (M-108-116) (PWCA-1-6),2.0,Limibacillus,"Marine Agar + 2.5% NaCl, 30 C","MBR sludge -Day 206, TDS 60g/L",2020-03-16,Shwetha Acharya; Romy C./Susannah T.,
78,MBR 115,LDRD- Produced Water Reuse,So-Low Freezer (070A-2235),2.0,PW LDRD Glycerol Stock of Isolates (M-108-116) (PWCA-1-6),2.0,Limibacillus,"Marine Agar + 2.5% NaCl, 30 C","MBR sludge -Day 206, TDS 60g/L",2020-03-16,Shwetha Acharya; Romy C./Susannah T.,
79,MBR 116,LDRD- Produced Water Reuse,So-Low Freezer (070A-2235),2.0,PW LDRD Glycerol Stock of Isolates (M-108-116) (PWCA-1-6),2.0,Limibacillus,"Marine Agar + 2.5% NaCl, 30 C","MBR sludge -Day 206, TDS 60g/L",2020-03-16,Shwetha Acharya; Romy C./Susannah T.,
80,MBR 117,LDRD- Produced Water Reuse,So-Low Freezer (070A-2235),2.0,PW LDRD Glycerol Stock of Isolates (M-117-154),2.0,Marinobacter,"Marine Agar + 5% NaCl, 30 C","MBR sludge -Day 326, TDS 100g/L",2020-06-14,Shwetha Acharya; Romy C./Susannah T.,
81,MBR 118,LDRD- Produced Water Reuse,So-Low Freezer (070A-2235),2.0,PW LDRD Glycerol Stock of Isolates (M-117-154),2.0,Marinobacter,"Marine Agar + 5% NaCl, 30 C","MBR sludge -Day 326, TDS 100g/L",2020-06-14,Shwetha Acharya; Romy C./Susannah T.,
82,MBR 119,LDRD- Produced Water Reuse,So-Low Freezer (070A-2235),2.0,PW LDRD Glycerol Stock of Isolates (M-117-154),2.0,Marinobacter,"Marine Agar + 5% NaCl, 30 C","MBR sludge -Day 326, TDS 100g/L",2020-06-14,Shwetha Acharya; Romy C./Susannah T.,
83,MBR 120,LDRD- Produced Water Reuse,So-Low Freezer (070A-2235),2.0,PW LDRD Glycerol Stock of Isolates (M-117-154),2.0,Marinobacter,"Marine Agar + 5% NaCl, 30 C","MBR sludge -Day 326, TDS 100g/L",2020-06-14,Shwetha Acharya; Romy C./Susannah T.,
84,MBR 121,LDRD- Produced Water Reuse,So-Low Freezer (070A-2235),2.0,PW LDRD Glycerol Stock of Isolates (M-117-154),2.0,Halomonas,"Marine Agar + 5% NaCl, 30 C","MBR sludge -Day 326, TDS 100g/L",2020-06-14,Shwetha Acharya; Romy C./Susannah T.,
85,MBR 122,LDRD- Produced Water Reuse,So-Low Freezer (070A-2235),2.0,PW LDRD Glycerol Stock of Isolates (M-117-154),2.0,Marinobacter,"Marine Agar + 5% NaCl, 30 C","MBR sludge -Day 326, TDS 100g/L",2020-06-14,Shwetha Acharya; Romy C./Susannah T.,
86,MBR 123,LDRD- Produced Water Reuse,So-Low Freezer (070A-2235),2.0,PW LDRD Glycerol Stock of Isolates (M-117-154),2.0,Idiomarina,"Marine Agar + 5% NaCl, 30 C","MBR sludge -Day 326, TDS 100g/L",2020-06-14,Shwetha Acharya; Romy C./Susannah T.,
87,MBR 125,LDRD- Produced Water Reuse,So-Low Freezer (070A-2235),2.0,PW LDRD Glycerol Stock of Isolates (M-117-154),2.0,Idiomarina,"Marine Agar + 5% NaCl, 30 C","MBR sludge -Day 326, TDS 100g/L",2020-06-14,Shwetha Acharya; Romy C./Susannah T.,
88,MBR 126,LDRD- Produced Water Reuse,So-Low Freezer (070A-2235),2.0,PW LDRD Glycerol Stock of Isolates (M-117-154),2.0,Thallospira,"Marine Agar + 5% NaCl, 30 C","MBR sludge -Day 326, TDS 100g/L",2020-06-14,Shwetha Acharya; Romy C./Susannah T.,
89,MBR 127,LDRD- Produced Water Reuse,So-Low Freezer (070A-2235),2.0,PW LDRD Glycerol Stock of Isolates (M-117-154),2.0,Marinobacter,"Marine Agar + 5% NaCl, 30 C","MBR sludge -Day 326, TDS 100g/L",2020-06-14,Shwetha Acharya; Romy C./Susannah T.,
90,MBR 128,LDRD- Produced Water Reuse,So-Low Freezer (070A-2235),2.0,PW LDRD Glycerol Stock of Isolates (M-117-154),2.0,Marinobacter,"Marine Agar + 5% NaCl, 30 C","MBR sludge -Day 326, TDS 100g/L",2020-06-14,Shwetha Acharya; Romy C./Susannah T.,
91,MBR 130,LDRD- Produced Water Reuse,So-Low Freezer (070A-2235),2.0,PW LDRD Glycerol Stock of Isolates (M-117-154),2.0,Marinobacter,"Marine Agar + 5% NaCl, 30 C","MBR sludge -Day 326, TDS 100g/L",2020-06-14,Shwetha Acharya; Romy C./Susannah T.,
92,MBR 131,LDRD- Produced Water Reuse,So-Low Freezer (070A-2235),2.0,PW LDRD Glycerol Stock of Isolates (M-117-154),2.0,Marinobacter,"Marine Agar + 5% NaCl, 30 C","MBR sludge -Day 326, TDS 100g/L",2020-06-14,Shwetha Acharya; Romy C./Susannah T.,
93,MBR 132,LDRD- Produced Water Reuse,So-Low Freezer (070A-2235),2.0,PW LDRD Glycerol Stock of Isolates (M-117-154),2.0,Marinobacter,"Marine Agar + 5% NaCl, 30 C","MBR sludge -Day 326, TDS 100g/L",2020-06-14,Shwetha Acharya; Romy C./Susannah T.,
94,MBR 133,LDRD- Produced Water Reuse,So-Low Freezer (070A-2235),2.0,PW LDRD Glycerol Stock of Isolates (M-117-154),2.0,Marinobacter,"Marine Agar + 5% NaCl, 30 C","MBR sludge -Day 326, TDS 100g/L",2020-06-14,Shwetha Acharya; Romy C./Susannah T.,
95,MBR 135,LDRD- Produced Water Reuse,So-Low Freezer (070A-2235),2.0,PW LDRD Glycerol Stock of Isolates (M-117-154),2.0,Roseovarius,"Marine Agar + 5% NaCl, 30 C","MBR sludge -Day 326, TDS 100g/L",2020-06-14,Shwetha Acharya; Romy C./Susannah T.,
96,MBR 136,LDRD- Produced Water Reuse,So-Low Freezer (070A-2235),2.0,PW LDRD Glycerol Stock of Isolates (M-117-154),2.0,Marinobacter,"Marine Agar + 5% NaCl, 30 C","MBR sludge -Day 326, TDS 100g/L",2020-06-14,Shwetha Acharya; Romy C./Susannah T.,
97,MBR 137,LDRD- Produced Water Reuse,So-Low Freezer (070A-2235),2.0,PW LDRD Glycerol Stock of Isolates (M-117-154),2.0,Marinobacterium,"Marine Agar + 5% NaCl, 30 C","MBR sludge -Day 326, TDS 100g/L",2020-06-14,Shwetha Acharya; Romy C./Susannah T.,
98,MBR 138,LDRD- Produced Water Reuse,So-Low Freezer (070A-2235),2.0,PW LDRD Glycerol Stock of Isolates (M-117-154),2.0,Marinobacter,"Marine Agar + 5% NaCl, 30 C","MBR sludge -Day 326, TDS 100g/L",2020-06-14,Shwetha Acharya; Romy C./Susannah T.,
99,MBR 139,LDRD- Produced Water Reuse,So-Low Freezer (070A-2235),2.0,PW LDRD Glycerol Stock of Isolates (M-117-154),2.0,Roseovarius,"Marine Agar + 5% NaCl, 30 C","MBR sludge -Day 326, TDS 100g/L",2020-06-14,Shwetha Acharya; Romy C./Susannah T.,
100,MBR 142,LDRD- Produced Water Reuse,So-Low Freezer (070A-2235),2.0,PW LDRD Glycerol Stock of Isolates (M-117-154),2.0,Rhodobacteraceae,"Marine Agar + 5% NaCl, 30 C","MBR sludge -Day 326, TDS 100g/L",2020-06-14,Shwetha Acharya; Romy C./Susannah T.,
101,MBR 144,LDRD- Produced Water Reuse,So-Low Freezer (070A-2235),2.0,PW LDRD Glycerol Stock of Isolates (M-117-154),2.0,Roseovarius,"Marine Agar + 5% NaCl, 30 C","MBR sludge -Day 326, TDS 100g/L",2020-06-14,Shwetha Acharya; Romy C./Susannah T.,
102,MBR 145,LDRD- Produced Water Reuse,So-Low Freezer (070A-2235),2.0,PW LDRD Glycerol Stock of Isolates (M-117-154),2.0,Rhodobacteraceae,"Marine Agar + 5% NaCl, 30 C","MBR sludge -Day 326, TDS 100g/L",2020-06-14,Shwetha Acharya; Romy C./Susannah T.,
103,MBR 146,LDRD- Produced Water Reuse,So-Low Freezer (070A-2235),2.0,PW LDRD Glycerol Stock of Isolates (M-117-154),2.0,Rhodobacteraceae,"Marine Agar + 5% NaCl, 30 C","MBR sludge -Day 326, TDS 100g/L",2020-06-14,Shwetha Acharya; Romy C./Susannah T.,
104,MBR 147,LDRD- Produced Water Reuse,So-Low Freezer (070A-2235),2.0,PW LDRD Glycerol Stock of Isolates (M-117-154),2.0,Rhodobacteraceae,"Marine Agar + 5% NaCl, 30 C","MBR sludge -Day 326, TDS 100g/L",2020-06-14,Shwetha Acharya; Romy C./Susannah T.,
105,MBR 148,LDRD- Produced Water Reuse,So-Low Freezer (070A-2235),2.0,PW LDRD Glycerol Stock of Isolates (M-117-154),2.0,Roseovarius,"Marine Agar + 5% NaCl, 30 C","MBR sludge -Day 326, TDS 100g/L",2020-06-14,Shwetha Acharya; Romy C./Susannah T.,
106,MBR 150,LDRD- Produced Water Reuse,So-Low Freezer (070A-2235),2.0,PW LDRD Glycerol Stock of Isolates (M-117-154),2.0,Pschyroflexus,"Marine Agar + 5% NaCl, 30 C","MBR sludge -Day 326, TDS 100g/L",2020-06-14,Shwetha Acharya; Romy C./Susannah T.,
107,MBR 151,LDRD- Produced Water Reuse,So-Low Freezer (070A-2235),2.0,PW LDRD Glycerol Stock of Isolates (M-117-154),2.0,Roseovarius,"Marine Agar + 5% NaCl, 30 C","MBR sludge -Day 326, TDS 100g/L",2020-06-14,Shwetha Acharya; Romy C./Susannah T.,
108,MBR 152,LDRD- Produced Water Reuse,So-Low Freezer (070A-2235),2.0,PW LDRD Glycerol Stock of Isolates (M-117-154),2.0,Marinobacterium,"Marine Agar + 5% NaCl, 30 C","MBR sludge -Day 326, TDS 100g/L",2020-06-14,Shwetha Acharya; Romy C./Susannah T.,
109,MBR 154,LDRD- Produced Water Reuse,So-Low Freezer (070A-2235),2.0,PW LDRD Glycerol Stock of Isolates (M-117-154),2.0,Roseovarius,"Marine Agar + 5% NaCl, 30 C","MBR sludge -Day 326, TDS 100g/L",2020-06-14,Shwetha Acharya; Romy C./Susannah T.,
110,MBR-155,LDRD- Produced Water Reuse,So-Low Freezer (070A-2235),2.0,PW LDRD- Isolate Glycerol Stock (MBR 155-194),2.0,Porphyrobacter,"Marine Agar + 5% NaCl, 30 C","MBR sludge -Day 291, TDS 90g/L",2020-07-01,Shwetha Acharya; Romy C./Susannah T.,
111,MBR-156,LDRD- Produced Water Reuse,So-Low Freezer (070A-2235),2.0,PW LDRD- Isolate Glycerol Stock (MBR 155-194),2.0,Roseovarius,"Marine Agar + 5% NaCl, 30 C","MBR sludge -Day 291, TDS 90g/L",2020-07-01,Shwetha Acharya; Romy C./Susannah T.,
112,MBR-157,LDRD- Produced Water Reuse,So-Low Freezer (070A-2235),2.0,PW LDRD- Isolate Glycerol Stock (MBR 155-194),2.0,Roseovarius,"Marine Agar + 5% NaCl, 30 C","MBR sludge -Day 291, TDS 90g/L",2020-07-01,Shwetha Acharya; Romy C./Susannah T.,
113,PW-3,LDRD- Produced Water Reuse,So-Low Freezer (070A-2235),2.0,PW Isolates + Glycerol 1-18,2.0,Stappia,"Marine Agar, 30 C",PW2 (CO),2019-09-20,"Shwetha Acharya, Omolara A.; Romy C./Susannah T.",
114,PW-4,LDRD- Produced Water Reuse,So-Low Freezer (070A-2235),2.0,PW Isolates + Glycerol 1-18,2.0,Pseudoalteromonas,"Marine Agar, 30 C",PW2 (CO),2019-09-20,"Shwetha Acharya, Omolara A.; Romy C./Susannah T.",
115,PW-5,LDRD- Produced Water Reuse,So-Low Freezer (070A-2235),2.0,PW Isolates + Glycerol 1-18,2.0,Thalassospira,"Marine Agar, 30 C",PW2 (CO),2019-09-20,"Shwetha Acharya, Omolara A.; Romy C./Susannah T.",
116,PW-6,LDRD- Produced Water Reuse,So-Low Freezer (070A-2235),2.0,PW Isolates + Glycerol 1-18,2.0,Thalassospira,"Marine Agar, 30 C",PW2 (CO),2019-09-20,"Shwetha Acharya, Omolara A.; Romy C./Susannah T.",
117,PW-9,LDRD- Produced Water Reuse,So-Low Freezer (070A-2235),2.0,PW Isolates + Glycerol 1-18,2.0,Shewanella,"Marine Agar, 30 C",PW1 (CO),2019-09-20,"Shwetha Acharya, Omolara A.; Romy C./Susannah T.",
118,PW-10,LDRD- Produced Water Reuse,So-Low Freezer (070A-2235),2.0,PW Isolates + Glycerol 1-18,2.0,Altererythrobacter,"Marine Agar, 30 C",PW1 (CO),2019-09-20,"Shwetha Acharya, Omolara A.; Romy C./Susannah T.",
119,PW-11,LDRD- Produced Water Reuse,So-Low Freezer (070A-2235),2.0,PW Isolates + Glycerol 1-18,2.0,Marinobacter,"Marine Agar, 30 C",PW1 (CO),2019-09-20,"Shwetha Acharya, Omolara A.; Romy C./Susannah T.",
120,PW-12,LDRD- Produced Water Reuse,So-Low Freezer (070A-2235),2.0,PW Isolates + Glycerol 1-18,2.0,Marinobacterium,"Marine Agar, 30 C",PW1 (CO),2019-09-20,"Shwetha Acharya, Omolara A.; Romy C./Susannah T.",
121,PW-13,LDRD- Produced Water Reuse,So-Low Freezer (070A-2235),2.0,PW Isolates + Glycerol 1-18,2.0,Shewanella,"Marine Agar, 30 C",PW1 (CO),2019-09-20,"Shwetha Acharya, Omolara A.; Romy C./Susannah T.",
122,PW-14,LDRD- Produced Water Reuse,So-Low Freezer (070A-2235),2.0,PW Isolates + Glycerol 1-18,2.0,Marinobacter,"Marine Agar, 30 C",PW1 (CO),2019-09-20,"Shwetha Acharya, Omolara A.; Romy C./Susannah T.",
123,PW-15,LDRD- Produced Water Reuse,So-Low Freezer (070A-2235),2.0,PW Isolates + Glycerol 1-18,2.0,Altererythrobacter,"Marine Agar, 30 C",PW1 (CO),2019-09-20,"Shwetha Acharya, Omolara A.; Romy C./Susannah T.",
124,PW-16,LDRD- Produced Water Reuse,So-Low Freezer (070A-2235),2.0,PW Isolates + Glycerol 1-18,2.0,Shewanella,"Marine Agar, 30 C",PW1 (CO),2019-09-20,"Shwetha Acharya, Omolara A.; Romy C./Susannah T.",
125,PW-17,LDRD- Produced Water Reuse,So-Low Freezer (070A-2235),2.0,PW Isolates + Glycerol 1-18,2.0,Thalassospira,"Marine Agar, 30 C",PW1 (CO),2019-09-20,"Shwetha Acharya, Omolara A.; Romy C./Susannah T.",
126,PW-18,LDRD- Produced Water Reuse,So-Low Freezer (070A-2235),2.0,PW Isolates + Glycerol 1-18,2.0,Dietzia,"Marine Agar, 30 C",PW2 (CO),2019-09-20,"Shwetha Acharya, Omolara A.; Romy C./Susannah T.",
127,PW-19,LDRD- Produced Water Reuse,So-Low Freezer (070A-2235),2.0,PW Isolates + Glycerol,2.0,Dietzia,"Marine Agar, 30 C",PW3 (CO),2019-11-06,Shwetha Acharya; Romy C./Susannah T.,
128,PW-20,LDRD- Produced Water Reuse,So-Low Freezer (070A-2235),2.0,PW Isolates + Glycerol,2.0,Dietzia,"Marine Agar, 30 C",PW3 (CO),2019-11-06,Shwetha Acharya; Romy C./Susannah T.,
129,PW-23,LDRD- Produced Water Reuse,So-Low Freezer (070A-2235),2.0,PW Isolates + Glycerol,2.0,Planococcus,"Marine Agar, 30 C",PW3 (CO),2019-11-06,Shwetha Acharya; Romy C./Susannah T.,
130,PW-24,LDRD- Produced Water Reuse,So-Low Freezer (070A-2235),2.0,PW Isolates + Glycerol,2.0,Erthyrobacter,"Marine Agar, 30 C",PW3 (CO),2019-11-06,Shwetha Acharya; Romy C./Susannah T.,
131,PW-26,LDRD- Produced Water Reuse,So-Low Freezer (070A-2235),2.0,PW Isolates + Glycerol,2.0,Bacillus,"Marine Agar, 30 C",PW3 (CO),2019-11-06,Shwetha Acharya; Romy C./Susannah T.,
132,PW-27,LDRD- Produced Water Reuse,So-Low Freezer (070A-2235),2.0,PW Isolates + Glycerol,2.0,Marinobacter,"Marine Agar, 30 C",PW3 (CO),2019-11-06,Shwetha Acharya; Romy C./Susannah T.,
133,PW-28,LDRD- Produced Water Reuse,So-Low Freezer (070A-2235),2.0,PW Isolates + Glycerol,2.0,Caenispirillum,"Marine Agar, 30 C",PW3 (CO),2019-11-06,Shwetha Acharya; Romy C./Susannah T.,
134,PW-29,LDRD- Produced Water Reuse,So-Low Freezer (070A-2235),2.0,PW Isolates + Glycerol,2.0,Bacillus,"Marine Agar, 30 C",PW3 (CO),2019-11-06,Shwetha Acharya; Romy C./Susannah T.,
135,PW-30,LDRD- Produced Water Reuse,So-Low Freezer (070A-2235),2.0,PW Isolates + Glycerol,2.0,Bacillus,"Marine Agar, 30 C",PW3 (CO),2019-11-06,Shwetha Acharya; Romy C./Susannah T.,
136,PW-32,LDRD- Produced Water Reuse,So-Low Freezer (070A-2235),2.0,PW Isolates + Glycerol,2.0,Stappia,"Marine Agar, 30 C",PW3 (CO),2019-11-06,Shwetha Acharya; Romy C./Susannah T.,
137,PW-33,LDRD- Produced Water Reuse,So-Low Freezer (070A-2235),2.0,PW Isolates + Glycerol,2.0,Hyphomonas,"Marine Agar, 30 C",PW3 (CO),2019-11-06,Shwetha Acharya; Romy C./Susannah T.,
138,PW-34,LDRD- Produced Water Reuse,So-Low Freezer (070A-2235),2.0,PW Isolates + Glycerol,2.0,Labrenzia,"Marine Agar, 30 C",PW3 (CO),2019-11-06,Shwetha Acharya; Romy C./Susannah T.,
139,PW-35,LDRD- Produced Water Reuse,So-Low Freezer (070A-2235),2.0,PW Isolates + Glycerol,2.0,Rhodobacteraceae,"Marine Agar, 30 C",PW3 (CO),2019-11-06,Shwetha Acharya; Romy C./Susannah T.,
140,PW-36,LDRD- Produced Water Reuse,So-Low Freezer (070A-2235),2.0,PW Isolates + Glycerol,2.0,Marinobacter,"Marine Agar, 30 C",PW3 (CO),2019-11-06,Shwetha Acharya; Romy C./Susannah T.,
141,PW-37,LDRD- Produced Water Reuse,So-Low Freezer (070A-2235),2.0,PW Isolates + Glycerol,2.0,Marinobacterium,"Marine Agar, 30 C",PW3 (CO),2019-11-06,Shwetha Acharya; Romy C./Susannah T.,
142,PW-38,LDRD- Produced Water Reuse,So-Low Freezer (070A-2235),2.0,PW Isolates + Glycerol,2.0,Marinobacter,"Marine Agar, 30 C",PW3 (CO),2019-11-06,Shwetha Acharya; Romy C./Susannah T.,
143,PW-40,LDRD- Produced Water Reuse,So-Low Freezer (070A-2235),2.0,PW Isolates + Glycerol,2.0,Bacillus,"Marine Agar, 30 C",PW4 (CO),2019-12-09,Shwetha Acharya; Romy C./Susannah T.,
144,PW-41,LDRD- Produced Water Reuse,So-Low Freezer (070A-2235),2.0,PW Isolates + Glycerol,2.0,Roseovarius,"Marine Agar, 30 C",PW4 (CO),2019-12-09,Shwetha Acharya; Romy C./Susannah T.,
145,PW-44,LDRD- Produced Water Reuse,So-Low Freezer (070A-2235),2.0,PW Isolates + Glycerol,2.0,Vibrio,"Marine Agar, 30 C",PW4 (CO),2019-12-09,Shwetha Acharya; Romy C./Susannah T.,
146,PW-45,LDRD- Produced Water Reuse,So-Low Freezer (070A-2235),2.0,PW Isolates + Glycerol,2.0,Bacillus,"Marine Agar, 30 C",PW4 (CO),2019-12-09,Shwetha Acharya; Romy C./Susannah T.,
147,PW-46,LDRD- Produced Water Reuse,So-Low Freezer (070A-2235),2.0,PW Isolates + Glycerol,2.0,Labrenzia,"Marine Agar, 30 C",PW4 (CO),2019-12-09,Shwetha Acharya; Romy C./Susannah T.,
148,PWCA 1,LDRD- Produced Water Reuse,So-Low Freezer (070A-2235),2.0,PW LDRD Glycerol Stock of Isolates (M-108-116) (PWCA-1-6),2.0,Marinobacterium,"Marine Agar, 30 C","PW- New York, CA",2020-03-16,Shwetha Acharya; Romy C./Susannah T.,
149,PWCA 2,LDRD- Produced Water Reuse,So-Low Freezer (070A-2235),2.0,PW LDRD Glycerol Stock of Isolates (M-108-116) (PWCA-1-6),2.0,Marinobacterium,"Marine Agar, 30 C","PW- New York, CA",2020-03-16,Shwetha Acharya; Romy C./Susannah T.,
150,PWCA 3,LDRD- Produced Water Reuse,So-Low Freezer (070A-2235),2.0,PW LDRD Glycerol Stock of Isolates (M-108-116) (PWCA-1-6),2.0,Marinobacterium,"Marine Agar, 30 C","PW- New York, CA",2020-03-16,Shwetha Acharya; Romy C./Susannah T.,
151,PWCA 5,LDRD- Produced Water Reuse,So-Low Freezer (070A-2235),2.0,PW LDRD Glycerol Stock of Isolates (M-108-116) (PWCA-1-6),2.0,Shewanella,"Marine Agar, 30 C","PW- New York, CA",2020-03-16,Shwetha Acharya; Romy C./Susannah T.,
152,PWCA 6,LDRD- Produced Water Reuse,So-Low Freezer (070A-2235),2.0,PW LDRD Glycerol Stock of Isolates (M-108-116) (PWCA-1-6),2.0,Shewanella,"Marine Agar, 30 C","PW- New York, CA",2020-03-16,Shwetha Acharya; Romy C./Susannah T.,
153,ME-MA-3.3b-1,LDRD- Produced Water Reuse,So-Low Freezer (070A-2235),2.0,Methylophaga enrichment experiment_isolate glycerol stock (10/29/2020),1.0,Roseovarius,Marine Agar + 2.5% NaCl,Methylophaga enrichment experiments (with MeOH and TMA),2020-10-29,Shwetha Acharya; Romy C./Susannah T.,
154,ME-MA-3.3b-2,LDRD- Produced Water Reuse,So-Low Freezer (070A-2235),2.0,Methylophaga enrichment experiment_isolate glycerol stock (10/29/2020),1.0,Roseovarius,Marine Agar + 2.5% NaCl,Methylophaga enrichment experiments (with MeOH and TMA),2020-10-29,Shwetha Acharya; Romy C./Susannah T.,
155,ME-MA-4.2a-1,LDRD- Produced Water Reuse,So-Low Freezer (070A-2235),2.0,Methylophaga enrichment experiment_isolate glycerol stock (10/29/2020),1.0,Marinobacter,Marine Agar + 2.5% NaCl,Methylophaga enrichment experiments (with MeOH and TMA),2020-10-29,Shwetha Acharya; Romy C./Susannah T.,
156,ME-MA-4.2a-2,LDRD- Produced Water Reuse,So-Low Freezer (070A-2235),2.0,Methylophaga enrichment experiment_isolate glycerol stock (10/29/2020),1.0,Thalassospira,Marine Agar + 2.5% NaCl,Methylophaga enrichment experiments (with MeOH and TMA),2020-10-29,Shwetha Acharya; Romy C./Susannah T.,
157,ME-MA-4.2b-1,LDRD- Produced Water Reuse,So-Low Freezer (070A-2235),2.0,Methylophaga enrichment experiment_isolate glycerol stock (10/29/2020),1.0,Thalassospira,Marine Agar + 2.5% NaCl,Methylophaga enrichment experiments (with MeOH and TMA),2020-10-29,Shwetha Acharya; Romy C./Susannah T.,
158,ME-MA-4.2b-2,LDRD- Produced Water Reuse,So-Low Freezer (070A-2235),2.0,Methylophaga enrichment experiment_isolate glycerol stock (10/29/2020),1.0,Thalassospira,Marine Agar + 2.5% NaCl,Methylophaga enrichment experiments (with MeOH and TMA),2020-10-29,Shwetha Acharya; Romy C./Susannah T.,
159,ME-MA-5.2a-3,LDRD- Produced Water Reuse,So-Low Freezer (070A-2235),2.0,Methylophaga enrichment experiment_isolate glycerol stock (10/29/2020),1.0,Thalassospira,Marine Agar + 2.5% NaCl,Methylophaga enrichment experiments (with MeOH and TMA),2020-10-29,Shwetha Acharya; Romy C./Susannah T.,
160,ME-MeOH-2.3a-1,LDRD- Produced Water Reuse,So-Low Freezer (070A-2235),2.0,Methylophaga enrichment experiment_isolate glycerol stock (10/29/2020),1.0,Methylophaga,APM@80g/L salinity+ 0.3% MeOH,Methylophaga enrichment experiments (with MeOH and TMA),2020-10-29,Shwetha Acharya; Romy C./Susannah T.,
161,ME-MeOH-2.3a-2,LDRD- Produced Water Reuse,So-Low Freezer (070A-2235),2.0,Methylophaga enrichment experiment_isolate glycerol stock (10/29/2020),1.0,Methylophaga,APM@80g/L salinity+ 0.3% MeOH,Methylophaga enrichment experiments (with MeOH and TMA),2020-10-29,Shwetha Acharya; Romy C./Susannah T.,
162,ME-MeOH-3.3a-1,LDRD- Produced Water Reuse,So-Low Freezer (070A-2235),2.0,Methylophaga enrichment experiment_isolate glycerol stock (10/29/2020),1.0,Methylophaga,APM@80g/L salinity+ 0.3% MeOH,Methylophaga enrichment experiments (with MeOH and TMA),2020-10-29,Shwetha Acharya; Romy C./Susannah T.,
163,ME-MeOH-3.3a-3,LDRD- Produced Water Reuse,So-Low Freezer (070A-2235),2.0,Methylophaga enrichment experiment_isolate glycerol stock (10/29/2020),1.0,Methylophaga,APM@80g/L salinity+ 0.3% MeOH,Methylophaga enrichment experiments (with MeOH and TMA),2020-10-29,Shwetha Acharya; Romy C./Susannah T.,
164,ME-MeOH-4.2a-1,LDRD- Produced Water Reuse,So-Low Freezer (070A-2235),2.0,Methylophaga enrichment experiment_isolate glycerol stock (10/29/2020),1.0,Marinobacter,APM@80g/L salinity+ 0.3% MeOH,Methylophaga enrichment experiments (with MeOH and TMA),2020-10-29,Shwetha Acharya; Romy C./Susannah T.,
165,ME-MeOH-4.2a-2,LDRD- Produced Water Reuse,So-Low Freezer (070A-2235),2.0,Methylophaga enrichment experiment_isolate glycerol stock (10/29/2020),1.0,Marinobacter,APM@80g/L salinity+ 0.3% MeOH,Methylophaga enrichment experiments (with MeOH and TMA),2020-10-29,Shwetha Acharya; Romy C./Susannah T.,
166,ME-MeOH-6.2a-2,LDRD- Produced Water Reuse,So-Low Freezer (070A-2235),2.0,Methylophaga enrichment experiment_isolate glycerol stock (10/29/2020),1.0,Methylophaga,APM@80g/L salinity+ 0.3% MeOH,Methylophaga enrichment experiments (with MeOH and TMA),2020-10-29,Shwetha Acharya; Romy C./Susannah T.,
167,ME-MeOH-6.2a-3,LDRD- Produced Water Reuse,So-Low Freezer (070A-2235),2.0,Methylophaga enrichment experiment_isolate glycerol stock (10/29/2020),1.0,Thalassospira,APM@80g/L salinity+ 0.3% MeOH,Methylophaga enrichment experiments (with MeOH and TMA),2020-10-29,Shwetha Acharya; Romy C./Susannah T.,
168,ME-TMA-1.3b-4,LDRD- Produced Water Reuse,So-Low Freezer (070A-2235),2.0,Methylophaga enrichment experiment_isolate glycerol stock (10/29/2020),1.0,Parvibaculum,APM @80g/L salinity+ 25mM TMA,Methylophaga enrichment experiments (with MeOH and TMA),2020-10-29,Shwetha Acharya; Romy C./Susannah T.,
169,MBR-R2A-1,LDRD- Produced Water Reuse,So-Low Freezer (070A-2235),2.0,Rehaibacterium enrichment isolates,1.0,Iodidimonas,R2A+ 80g/L permeate,Rehaibacterium enrichment from MBR sludge (12/3/2019),2020-10-12,Shwetha Acharya; Romy C./Susannah T.,
170,MBR-R2A-2,LDRD- Produced Water Reuse,So-Low Freezer (070A-2235),2.0,Rehaibacterium enrichment isolates,1.0,Paraliobacillus,R2A+ 80g/L permeate,Rehaibacterium enrichment from MBR sludge (12/3/2019),2020-10-08,Shwetha Acharya; Romy C./Susannah T.,
171,MBR-R2A-3,LDRD- Produced Water Reuse,So-Low Freezer (070A-2235),2.0,Rehaibacterium enrichment isolates,1.0,Bacilus,R2A+ 80g/L permeate,Rehaibacterium enrichment from MBR sludge (12/3/2019),2020-10-12,Shwetha Acharya; Romy C./Susannah T.,
172,MBR-R2A-6,LDRD- Produced Water Reuse,So-Low Freezer (070A-2235),2.0,Rehaibacterium enrichment isolates,1.0,Iodidimonas,R2A+ 80g/L permeate,Rehaibacterium enrichment from MBR sludge (12/3/2019),2020-10-12,Shwetha Acharya; Romy C./Susannah T.,
173,MBR-R2A-7,LDRD- Produced Water Reuse,So-Low Freezer (070A-2235),2.0,Rehaibacterium enrichment isolates,1.0,Iodidimonas,R2A+ 80g/L permeate,Rehaibacterium enrichment from MBR sludge (12/3/2019),2020-10-12,Shwetha Acharya; Romy C./Susannah T.,
174,MBR-TSA-1,LDRD- Produced Water Reuse,So-Low Freezer (070A-2235),2.0,Rehaibacterium enrichment isolates,1.0,Thalassospira,R2A+ 80g/L permeate,Rehaibacterium enrichment from MBR sludge (12/3/2019),2020-10-08,Shwetha Acharya; Romy C./Susannah T.,
175,MBR-TSA-2,LDRD- Produced Water Reuse,So-Low Freezer (070A-2235),2.0,Rehaibacterium enrichment isolates,1.0,Roseovarius,R2A+ 80g/L permeate,Rehaibacterium enrichment from MBR sludge (12/3/2019),2020-10-12,Shwetha Acharya; Romy C./Susannah T.,
176,MBR-TSA-4,LDRD- Produced Water Reuse,So-Low Freezer (070A-2235),2.0,Rehaibacterium enrichment isolates,1.0,Marinobacter,R2A+ 80g/L permeate,Rehaibacterium enrichment from MBR sludge (12/3/2019),2020-10-08,Shwetha Acharya; Romy C./Susannah T.,
177,MBR-TSA-5,LDRD- Produced Water Reuse,So-Low Freezer (070A-2235),2.0,Rehaibacterium enrichment isolates,1.0,Roseovarius,R2A+ 80g/L permeate,Rehaibacterium enrichment from MBR sludge (12/3/2019),2020-10-12,Shwetha Acharya; Romy C./Susannah T.,
178,MBR-TSA-6,LDRD- Produced Water Reuse,So-Low Freezer (070A-2235),2.0,Rehaibacterium enrichment isolates,1.0,Roseovarius,R2A+ 80g/L permeate,Rehaibacterium enrichment from MBR sludge (12/3/2019),2020-10-12,Shwetha Acharya; Romy C./Susannah T.,
179,MBR-159,LDRD- Produced Water Reuse,So-Low Freezer (070A-2235),2.0,PW LDRD- Isolate Glycerol Stock (MBR 155-194),2.0,Halomonas,"Marine Agar + 5% NaCl, 30 C",MBR sludge (6/30/2020),2020-08-05,Shwetha Acharya; Romy C./Susannah T.,
180,MBR-160,LDRD- Produced Water Reuse,So-Low Freezer (070A-2235),2.0,PW LDRD- Isolate Glycerol Stock (MBR 155-194),2.0,Roseovarius,"Marine Agar + 5% NaCl, 30 C",MBR sludge (6/30/2020),2020-08-07,Shwetha Acharya; Romy C./Susannah T.,
181,MBR-161,LDRD- Produced Water Reuse,So-Low Freezer (070A-2235),2.0,PW LDRD- Isolate Glycerol Stock (MBR 155-194),2.0,Roseovarius,"Marine Agar + 5% NaCl, 30 C",MBR sludge (6/30/2020),2020-08-07,Shwetha Acharya; Romy C./Susannah T.,
182,MBR-162,LDRD- Produced Water Reuse,So-Low Freezer (070A-2235),2.0,PW LDRD- Isolate Glycerol Stock (MBR 155-194),2.0,Roseovarius,"Marine Agar + 5% NaCl, 30 C",MBR sludge (6/30/2020),2020-08-07,Shwetha Acharya; Romy C./Susannah T.,
183,MBR-163,LDRD- Produced Water Reuse,So-Low Freezer (070A-2235),2.0,PW LDRD- Isolate Glycerol Stock (MBR 155-194),2.0,Roseovarius,"Marine Agar + 5% NaCl, 30 C",MBR sludge (6/30/2020),2020-08-07,Shwetha Acharya; Romy C./Susannah T.,
184,MBR-164,LDRD- Produced Water Reuse,So-Low Freezer (070A-2235),2.0,PW LDRD- Isolate Glycerol Stock (MBR 155-194),2.0,Halomonas,"Marine Agar + 5% NaCl, 30 C",MBR sludge (6/30/2020),2020-08-05,Shwetha Acharya; Romy C./Susannah T.,
185,MBR-165,LDRD- Produced Water Reuse,So-Low Freezer (070A-2235),2.0,PW LDRD- Isolate Glycerol Stock (MBR 155-194),2.0,Halomonas,"Marine Agar + 5% NaCl, 30 C",MBR sludge (6/30/2020),2020-08-05,Shwetha Acharya; Romy C./Susannah T.,
186,MBR-166,LDRD- Produced Water Reuse,So-Low Freezer (070A-2235),2.0,PW LDRD- Isolate Glycerol Stock (MBR 155-194),2.0,Halomonas,"Marine Agar + 5% NaCl, 30 C",MBR sludge (7/7/2020),2020-08-05,Shwetha Acharya; Romy C./Susannah T.,
187,MBR-167,LDRD- Produced Water Reuse,So-Low Freezer (070A-2235),2.0,PW LDRD- Isolate Glycerol Stock (MBR 155-194),2.0,Marinobacter,"Marine Agar + 5% NaCl, 30 C",MBR sludge (7/7/2020),2020-08-05,Shwetha Acharya; Romy C./Susannah T.,
188,MBR-169,LDRD- Produced Water Reuse,So-Low Freezer (070A-2235),2.0,PW LDRD- Isolate Glycerol Stock (MBR 155-194),2.0,Roseovarius,"Marine Agar + 5% NaCl, 30 C",MBR sludge (7/7/2020),2020-08-05,Shwetha Acharya; Romy C./Susannah T.,
189,MBR-170,LDRD- Produced Water Reuse,So-Low Freezer (070A-2235),2.0,PW LDRD- Isolate Glycerol Stock (MBR 155-194),2.0,Roseovarius,"Marine Agar + 5% NaCl, 30 C",MBR sludge (7/7/2020),2020-08-07,Shwetha Acharya; Romy C./Susannah T.,
190,MBR-171,LDRD- Produced Water Reuse,So-Low Freezer (070A-2235),2.0,PW LDRD- Isolate Glycerol Stock (MBR 155-194),2.0,Roseovarius,"Marine Agar + 5% NaCl, 30 C",MBR sludge (7/7/2020),2020-08-07,Shwetha Acharya; Romy C./Susannah T.,
191,MBR-172,LDRD- Produced Water Reuse,So-Low Freezer (070A-2235),2.0,PW LDRD- Isolate Glycerol Stock (MBR 155-194),2.0,Rhodobacteraceae,"Marine Agar + 5% NaCl, 30 C",MBR sludge (7/7/2020),2020-08-07,Shwetha Acharya; Romy C./Susannah T.,
192,MBR-173,LDRD- Produced Water Reuse,So-Low Freezer (070A-2235),2.0,PW LDRD- Isolate Glycerol Stock (MBR 155-194),2.0,Roseovarius,"Marine Agar + 5% NaCl, 30 C",MBR sludge (7/7/2020),2020-08-07,Shwetha Acharya; Romy C./Susannah T.,
193,MBR-174,LDRD- Produced Water Reuse,So-Low Freezer (070A-2235),2.0,PW LDRD- Isolate Glycerol Stock (MBR 155-194),2.0,Roseovarius,"Marine Agar + 5% NaCl, 30 C",MBR sludge (7/7/2020),2020-08-07,Shwetha Acharya; Romy C./Susannah T.,
194,MBR-175,LDRD- Produced Water Reuse,So-Low Freezer (070A-2235),2.0,PW LDRD- Isolate Glycerol Stock (MBR 155-194),2.0,Halobacillus,"Marine Agar + 5% NaCl, 30 C",MBR sludge (7/7/2020),2020-08-05,Shwetha Acharya; Romy C./Susannah T.,
195,MBR-176,LDRD- Produced Water Reuse,So-Low Freezer (070A-2235),2.0,PW LDRD- Isolate Glycerol Stock (MBR 155-194),2.0,Marinobacter,"Marine Agar + 5% NaCl, 30 C",MBR sludge (7/7/2020),2020-08-05,Shwetha Acharya; Romy C./Susannah T.,
196,MBR-177,LDRD- Produced Water Reuse,So-Low Freezer (070A-2235),2.0,PW LDRD- Isolate Glycerol Stock (MBR 155-194),2.0,Roseovarius,"Marine Agar + 5% NaCl, 30 C",MBR sludge (7/7/2020),2020-09-02,Shwetha Acharya; Romy C./Susannah T.,
197,MBR-178,LDRD- Produced Water Reuse,So-Low Freezer (070A-2235),2.0,PW LDRD- Isolate Glycerol Stock (MBR 155-194),2.0,Roseovarius,"Marine Agar + 5% NaCl, 30 C",MBR sludge (7/7/2020),2020-09-02,Shwetha Acharya; Romy C./Susannah T.,
198,MBR-179,LDRD- Produced Water Reuse,So-Low Freezer (070A-2235),2.0,PW LDRD- Isolate Glycerol Stock (MBR 155-194),2.0,Roseovarius,"Marine Agar + 5% NaCl, 30 C",MBR sludge (7/7/2020),2020-09-02,Shwetha Acharya; Romy C./Susannah T.,
199,MBR-180,LDRD- Produced Water Reuse,So-Low Freezer (070A-2235),2.0,PW LDRD- Isolate Glycerol Stock (MBR 155-194),2.0,Roseovarius,"Marine Agar + 5% NaCl, 30 C",MBR sludge (7/7/2020),2020-09-02,Shwetha Acharya; Romy C./Susannah T.,
200,MBR-181,LDRD- Produced Water Reuse,So-Low Freezer (070A-2235),2.0,PW LDRD- Isolate Glycerol Stock (MBR 155-194),2.0,Roseovarius,"Marine Agar + 5% NaCl, 30 C",MBR sludge (7/7/2020),2020-09-02,Shwetha Acharya; Romy C./Susannah T.,
201,MBR-182,LDRD- Produced Water Reuse,So-Low Freezer (070A-2235),2.0,PW LDRD- Isolate Glycerol Stock (MBR 155-194),2.0,Roseovarius,"Marine Agar + 5% NaCl, 30 C",MBR sludge (7/7/2020),2020-09-02,Shwetha Acharya; Romy C./Susannah T.,
202,MBR-183,LDRD- Produced Water Reuse,So-Low Freezer (070A-2235),2.0,PW LDRD- Isolate Glycerol Stock (MBR 155-194),2.0,Roseovarius,"Marine Agar + 2.5% NaCl, 30 C",MBR sludge (7/28/2020),2020-09-02,Shwetha Acharya; Romy C./Susannah T.,
203,MBR-184,LDRD- Produced Water Reuse,So-Low Freezer (070A-2235),2.0,PW LDRD- Isolate Glycerol Stock (MBR 155-194),2.0,Roseovarius,"Marine Agar + 2.5% NaCl, 30 C",MBR sludge (7/28/2020),2020-09-02,Shwetha Acharya; Romy C./Susannah T.,
204,MBR-185,LDRD- Produced Water Reuse,So-Low Freezer (070A-2235),2.0,PW LDRD- Isolate Glycerol Stock (MBR 155-194),2.0,Roseovarius,"Marine Agar + 2.5% NaCl, 30 C",MBR sludge (7/28/2020),2020-09-02,Shwetha Acharya; Romy C./Susannah T.,
205,MBR-186,LDRD- Produced Water Reuse,So-Low Freezer (070A-2235),2.0,PW LDRD- Isolate Glycerol Stock (MBR 155-194),2.0,Iodidimonas,"Marine Agar + 2.5% NaCl, 30 C",MBR sludge (7/28/2020),2020-09-02,Shwetha Acharya; Romy C./Susannah T.,
206,MBR-187,LDRD- Produced Water Reuse,So-Low Freezer (070A-2235),2.0,PW LDRD- Isolate Glycerol Stock (MBR 155-194),2.0,Iodidimonas,"Marine Agar + 2.5% NaCl, 30 C",MBR sludge (7/28/2020),2020-09-02,Shwetha Acharya; Romy C./Susannah T.,
207,MBR-188,LDRD- Produced Water Reuse,So-Low Freezer (070A-2235),2.0,PW LDRD- Isolate Glycerol Stock (MBR 155-194),2.0,Roseovarius,"Marine Agar + 2.5% NaCl, 30 C",MBR sludge (7/28/2020),2020-09-02,Shwetha Acharya; Romy C./Susannah T.,
208,MBR-189,LDRD- Produced Water Reuse,So-Low Freezer (070A-2235),2.0,PW LDRD- Isolate Glycerol Stock (MBR 155-194),2.0,Iodidimonas,"Marine Agar + 2.5% NaCl, 30 C",MBR sludge (7/28/2020),2020-09-02,Shwetha Acharya; Romy C./Susannah T.,
209,MBR-190,LDRD- Produced Water Reuse,So-Low Freezer (070A-2235),2.0,PW LDRD- Isolate Glycerol Stock (MBR 155-194),2.0,Roseovarius,"Marine Agar + 2.5% NaCl, 30 C",MBR sludge (7/28/2020),2020-09-02,Shwetha Acharya; Romy C./Susannah T.,
210,MBR-191,LDRD- Produced Water Reuse,So-Low Freezer (070A-2235),2.0,PW LDRD- Isolate Glycerol Stock (MBR 155-194),2.0,Roseovarius,"Marine Agar + 2.5% NaCl, 30 C",MBR sludge (7/28/2020),2020-09-02,Shwetha Acharya; Romy C./Susannah T.,
211,MBR-192,LDRD- Produced Water Reuse,So-Low Freezer (070A-2235),2.0,PW LDRD- Isolate Glycerol Stock (MBR 155-194),2.0,Roseovarius,"Marine Agar + 2.5% NaCl, 30 C",MBR sludge (7/28/2020),2020-09-02,Shwetha Acharya; Romy C./Susannah T.,
212,MBR-193,LDRD- Produced Water Reuse,So-Low Freezer (070A-2235),2.0,PW LDRD- Isolate Glycerol Stock (MBR 155-194),2.0,Marinobacter,"Marine Agar + 2.5% NaCl, 30 C",MBR sludge (7/28/2020),2020-09-02,Shwetha Acharya; Romy C./Susannah T.,
213,MBR-194,LDRD- Produced Water Reuse,So-Low Freezer (070A-2235),2.0,PW LDRD- Isolate Glycerol Stock (MBR 155-194),2.0,Roseovarius,"Marine Agar + 2.5% NaCl, 30 C",MBR sludge (7/28/2020),2020-09-02,Shwetha Acharya; Romy C./Susannah T.,
214,MBR-195,LDRD- Produced Water Reuse,So-Low Freezer (070A-2235),2.0,PW LDRD- Isolate Glycerol Stock (MBR 195-201),2.0,Iodidimonas,"Marine Agar + 2.5% NaCl, 30 C",MBR sludge (7/28/2020),2020-09-02,Shwetha Acharya; Romy C./Susannah T.,
215,MBR-196,LDRD- Produced Water Reuse,So-Low Freezer (070A-2235),2.0,PW LDRD- Isolate Glycerol Stock (MBR 195-201),2.0,Roseovarius,"Marine Agar + 2.5% NaCl, 30 C",MBR sludge (7/28/2020),2020-09-02,Shwetha Acharya; Romy C./Susannah T.,
216,MBR-197,LDRD- Produced Water Reuse,So-Low Freezer (070A-2235),2.0,PW LDRD- Isolate Glycerol Stock (MBR 195-201),2.0,Roseovarius,"Marine Agar + 2.5% NaCl, 30 C",MBR sludge (7/28/2020),2020-09-02,Shwetha Acharya; Romy C./Susannah T.,
217,MBR-198,LDRD- Produced Water Reuse,So-Low Freezer (070A-2235),2.0,PW LDRD- Isolate Glycerol Stock (MBR 195-201),2.0,Roseovarius,"Marine Agar + 2.5% NaCl, 30 C",MBR sludge (7/28/2020),2020-09-02,Shwetha Acharya; Romy C./Susannah T.,
218,MBR-199,LDRD- Produced Water Reuse,So-Low Freezer (070A-2235),2.0,PW LDRD- Isolate Glycerol Stock (MBR 195-201),2.0,Roseovarius,"Marine Agar + 2.5% NaCl, 30 C",MBR sludge (7/28/2020),2020-09-02,Shwetha Acharya; Romy C./Susannah T.,
219,MBR-200,LDRD- Produced Water Reuse,So-Low Freezer (070A-2235),2.0,PW LDRD- Isolate Glycerol Stock (MBR 195-201),2.0,Marinobacter,"Marine Agar + 2.5% NaCl, 30 C",MBR sludge (7/28/2020),2020-09-02,Shwetha Acharya; Romy C./Susannah T.,
220,MBR-201,LDRD- Produced Water Reuse,So-Low Freezer (070A-2235),2.0,PW LDRD- Isolate Glycerol Stock (MBR 195-201),2.0,Roseovarius,"Marine Agar + 2.5% NaCl, 30 C",MBR sludge (7/28/2020),2020-09-02,Shwetha Acharya; Romy C./Susannah T.,
